Date,GDP - Actual,GDP - Expectation,GDP_Var
2016-05-17,0.5,2.5338,1.13784889
2016-05-18,0.5,2.5338,1.13784889
2016-05-19,0.5,2.5338,1.13784889
2016-05-20,0.5,2.5338,1.13784889
2016-05-23,0.5,2.5338,1.13784889
2016-05-24,0.5,2.5338,1.13784889
2016-05-25,0.5,2.5338,1.13784889
2016-05-26,0.5,2.8875,1.13784889
2016-05-27,0.8,2.8875,1.13784889
2016-05-30,0.8,2.8875,1.13784889
2016-05-31,0.8,2.9366,1.13784889
2016-06-01,0.8,2.4755,1.13784889
2016-06-02,0.8,2.4755,1.13784889
2016-06-03,0.8,2.4862,1.13784889
2016-06-06,0.8,2.4862,1.13784889
2016-06-07,0.8,2.4862,1.13784889
2016-06-08,0.8,2.4862,1.13784889
2016-06-09,0.8,2.5279,1.13784889
2016-06-10,0.8,2.5279,1.13784889
2016-06-13,0.8,2.5279,1.13784889
2016-06-14,0.8,2.7809,1.13784889
2016-06-15,0.8,2.7809,1.13784889
2016-06-16,0.8,2.7809,1.13784889
2016-06-17,0.8,2.7505,1.13784889
2016-06-20,0.8,2.7505,1.13784889
2016-06-21,0.8,2.7505,1.13784889
2016-06-22,0.8,2.7505,1.13784889
2016-06-23,0.8,2.7505,1.13784889
2016-06-24,0.8,2.7505,1.13784889
2016-06-27,0.8,2.7505,1.13784889
2016-06-28,1.1,2.7505,1.13784889
2016-06-29,1.1,2.6571,1.13784889
2016-06-30,1.1,2.6571,1.13784889
2016-07-01,1.1,2.565,1.13784889
2016-07-04,1.1,2.565,1.13784889
2016-07-05,1.1,2.565,1.13784889
2016-07-06,1.1,2.3856,1.13784889
2016-07-07,1.1,2.3856,1.13784889
2016-07-08,1.1,2.3856,1.13784889
2016-07-11,1.1,2.3856,1.13784889
2016-07-12,1.1,2.3158,1.13784889
2016-07-13,1.1,2.3158,1.13784889
2016-07-14,1.1,2.3158,1.13784889
2016-07-15,1.1,2.4113,1.13784889
2016-07-18,1.1,2.4113,1.13784889
2016-07-19,1.1,2.4151,1.13784889
2016-07-20,1.1,2.4151,1.13784889
2016-07-21,1.1,2.4151,1.13784889
2016-07-22,1.1,2.4151,1.13784889
2016-07-25,1.1,2.4151,1.13784889
2016-07-26,1.1,2.4151,1.13784889
2016-07-27,1.1,2.2671,1.13784889
2016-07-28,1.1,1.8333,1.13784889
2016-07-29,1.2,1.8333,1.13784889
2016-08-01,1.2,1.8333,1.13784889
2016-08-02,1.2,1.8333,1.13784889
2016-08-03,1.2,1.8333,1.13784889
2016-08-04,1.2,3.6714,1.13784889
2016-08-05,1.2,3.805,1.13784889
2016-08-08,1.2,3.805,1.13784889
2016-08-09,1.2,3.6947,1.13784889
2016-08-10,1.2,3.6947,1.13784889
2016-08-11,1.2,3.6947,1.13784889
2016-08-12,1.2,3.5157,1.13784889
2016-08-15,1.2,3.5157,1.13784889
2016-08-16,1.2,3.6452,1.13784889
2016-08-17,1.2,3.6452,1.13784889
2016-08-18,1.2,3.6452,1.13784889
2016-08-19,1.2,3.6452,1.13784889
2016-08-22,1.2,3.6452,1.13784889
2016-08-23,1.2,3.6452,1.13784889
2016-08-24,1.2,3.6452,1.13784889
2016-08-25,1.2,3.4079,1.13784889
2016-08-26,1.1,3.4079,1.13784889
2016-08-29,1.1,3.4796,1.13784889
2016-08-30,1.1,3.4796,1.13784889
2016-08-31,1.1,3.4796,1.13784889
2016-09-01,1.1,3.2306,1.13784889
2016-09-02,1.1,3.4993,1.13784889
2016-09-05,1.1,3.4993,1.13784889
2016-09-06,1.1,3.4993,1.13784889
2016-09-07,1.1,3.4993,1.13784889
2016-09-08,1.1,3.4993,1.13784889
2016-09-09,1.1,3.2957,1.13784889
2016-09-12,1.1,3.2957,1.13784889
2016-09-13,1.1,3.2957,1.13784889
2016-09-14,1.1,3.2957,1.13784889
2016-09-15,1.1,3.0205,1.13784889
2016-09-16,1.1,3.0205,1.13784889
2016-09-19,1.1,3.0205,1.13784889
2016-09-20,1.1,2.9388,1.13784889
2016-09-21,1.1,2.9388,1.13784889
2016-09-22,1.1,2.9388,1.13784889
2016-09-23,1.1,2.9388,1.13784889
2016-09-26,1.1,2.9388,1.13784889
2016-09-27,1.1,2.9388,1.13784889
2016-09-28,1.1,2.7784,1.13784889
2016-09-29,1.4,2.7784,1.13784889
2016-09-30,1.4,2.4131,1.13784889
2016-10-03,1.4,2.1969,1.13784889
2016-10-04,1.4,2.1969,1.13784889
2016-10-05,1.4,2.2001,1.13784889
2016-10-06,1.4,2.2001,1.13784889
2016-10-07,1.4,2.1399,1.13784889
2016-10-10,1.4,2.1399,1.13784889
2016-10-11,1.4,2.1399,1.13784889
2016-10-12,1.4,2.1399,1.13784889
2016-10-13,1.4,2.1399,1.13784889
2016-10-14,1.4,1.9346,1.13784889
2016-10-17,1.4,1.9346,1.13784889
2016-10-18,1.4,1.9346,1.13784889
2016-10-19,1.4,2.029,1.13784889
2016-10-20,1.4,2.029,1.13784889
2016-10-21,1.4,2.029,1.13784889
2016-10-24,1.4,2.029,1.13784889
2016-10-25,1.4,2.029,1.13784889
2016-10-26,1.4,2.029,1.13784889
2016-10-27,1.4,2.0953,1.13784889
2016-10-28,2.9,2.0953,1.13784889
2016-10-31,2.9,2.6777,0.58799549
2016-11-01,2.9,2.3124,0.58799549
2016-11-02,2.9,2.3124,0.58799549
2016-11-03,2.9,2.3124,0.58799549
2016-11-04,2.9,3.0843,0.58799549
2016-11-07,2.9,3.0843,0.58799549
2016-11-08,2.9,3.0843,0.58799549
2016-11-09,2.9,3.1241,0.58799549
2016-11-10,2.9,3.1241,0.58799549
2016-11-11,2.9,3.1241,0.58799549
2016-11-14,2.9,3.1241,0.58799549
2016-11-15,2.9,3.3274,0.58799549
2016-11-16,2.9,3.3274,0.58799549
2016-11-17,2.9,3.5892,0.58799549
2016-11-18,2.9,3.5892,0.58799549
2016-11-21,2.9,3.5892,0.58799549
2016-11-22,2.9,3.5892,0.58799549
2016-11-23,2.9,3.5751,0.58799549
2016-11-24,2.9,3.5751,0.58799549
2016-11-25,2.9,3.5751,0.58799549
2016-11-28,2.9,3.5751,0.58799549
2016-11-29,3.2,3.5751,0.58799549
2016-11-30,3.2,2.4439,0.58799549
2016-12-01,3.2,2.9135,0.58799549
2016-12-02,3.2,2.9135,0.58799549
2016-12-05,3.2,2.9135,0.58799549
2016-12-06,3.2,2.6184,0.58799549
2016-12-07,3.2,2.6184,0.58799549
2016-12-08,3.2,2.6184,0.58799549
2016-12-09,3.2,2.5742,0.58799549
2016-12-12,3.2,2.5742,0.58799549
2016-12-13,3.2,2.5742,0.58799549
2016-12-14,3.2,2.4465,0.58799549
2016-12-15,3.2,2.4465,0.58799549
2016-12-16,3.2,2.5608,0.58799549
2016-12-19,3.2,2.5608,0.58799549
2016-12-20,3.2,2.5608,0.58799549
2016-12-21,3.2,2.5608,0.58799549
2016-12-22,3.5,2.5482,0.58799549
2016-12-23,3.5,2.5482,0.58799549
2016-12-26,3.5,2.5482,0.58799549
2016-12-27,3.5,2.5482,0.58799549
2016-12-28,3.5,2.5482,0.58799549
2016-12-29,3.5,2.5482,0.58799549
2016-12-30,3.5,2.5482,0.58799549
2017-01-02,3.5,2.5482,0.58799549
2017-01-03,3.5,2.8598,0.58799549
2017-01-04,3.5,2.8598,0.58799549
2017-01-05,3.5,2.8598,0.58799549
2017-01-06,3.5,2.8713,0.58799549
2017-01-09,3.5,2.8713,0.58799549
2017-01-10,3.5,2.9074,0.58799549
2017-01-11,3.5,2.9074,0.58799549
2017-01-12,3.5,2.9074,0.58799549
2017-01-13,3.5,2.7816,0.58799549
2017-01-16,3.5,2.7816,0.58799549
2017-01-17,3.5,2.7816,0.58799549
2017-01-18,3.5,2.7816,0.58799549
2017-01-19,3.5,2.8031,0.58799549
2017-01-20,3.5,2.8031,0.58799549
2017-01-23,3.5,2.8031,0.58799549
2017-01-24,3.5,2.8031,0.58799549
2017-01-25,3.5,2.8031,0.58799549
2017-01-26,3.5,2.8814,0.58799549
2017-01-27,1.9,2.8814,0.58799549
2017-01-30,1.9,2.3449,1.9781656466666668
2017-01-31,1.9,2.3449,1.9781656466666668
2017-02-01,1.9,3.3767,1.9781656466666668
2017-02-02,1.9,3.3767,1.9781656466666668
2017-02-03,1.9,3.3767,1.9781656466666668
2017-02-06,1.9,3.3767,1.9781656466666668
2017-02-07,1.9,2.6987,1.9781656466666668
2017-02-08,1.9,2.6987,1.9781656466666668
2017-02-09,1.9,2.6987,1.9781656466666668
2017-02-10,1.9,2.6987,1.9781656466666668
2017-02-13,1.9,2.6987,1.9781656466666668
2017-02-14,1.9,2.6987,1.9781656466666668
2017-02-15,1.9,2.2159,1.9781656466666668
2017-02-16,1.9,2.3701,1.9781656466666668
2017-02-17,1.9,2.3701,1.9781656466666668
2017-02-20,1.9,2.3701,1.9781656466666668
2017-02-21,1.9,2.3701,1.9781656466666668
2017-02-22,1.9,2.3701,1.9781656466666668
2017-02-23,1.9,2.3701,1.9781656466666668
2017-02-24,1.9,2.3701,1.9781656466666668
2017-02-27,1.9,2.4798,1.9781656466666668
2017-02-28,1.9,2.4798,1.9781656466666668
2017-03-01,1.9,1.7911,1.9781656466666668
2017-03-02,1.9,1.7911,1.9781656466666668
2017-03-03,1.9,1.7911,1.9781656466666668
2017-03-06,1.9,1.7911,1.9781656466666668
2017-03-07,1.9,1.3122,1.9781656466666668
2017-03-08,1.9,1.2457,1.9781656466666668
2017-03-09,1.9,1.2457,1.9781656466666668
2017-03-10,1.9,1.2457,1.9781656466666668
2017-03-13,1.9,1.2457,1.9781656466666668
2017-03-14,1.9,1.2457,1.9781656466666668
2017-03-15,1.9,0.914,1.9781656466666668
2017-03-16,1.9,0.9059,1.9781656466666668
2017-03-17,1.9,0.9059,1.9781656466666668
2017-03-20,1.9,0.9059,1.9781656466666668
2017-03-21,1.9,0.9059,1.9781656466666668
2017-03-22,1.9,0.9059,1.9781656466666668
2017-03-23,1.9,0.9059,1.9781656466666668
2017-03-24,1.9,1.0037,1.9781656466666668
2017-03-27,1.9,1.0037,1.9781656466666668
2017-03-28,1.9,1.0037,1.9781656466666668
2017-03-29,1.9,1.0037,1.9781656466666668
2017-03-30,2.1,1.0037,1.9781656466666668
2017-03-31,2.1,0.898,1.9781656466666668
2017-04-03,2.1,1.1883,1.9781656466666668
2017-04-04,2.1,1.2332,1.9781656466666668
2017-04-05,2.1,1.2332,1.9781656466666668
2017-04-06,2.1,1.2332,1.9781656466666668
2017-04-07,2.1,0.6328,1.9781656466666668
2017-04-10,2.1,0.6328,1.9781656466666668
2017-04-11,2.1,0.6328,1.9781656466666668
2017-04-12,2.1,0.6328,1.9781656466666668
2017-04-13,2.1,0.6328,1.9781656466666668
2017-04-14,2.1,0.4935,1.9781656466666668
2017-04-17,2.1,0.4935,1.9781656466666668
2017-04-18,2.1,0.4519,1.9781656466666668
2017-04-19,2.1,0.4519,1.9781656466666668
2017-04-20,2.1,0.4519,1.9781656466666668
2017-04-21,2.1,0.4519,1.9781656466666668
2017-04-24,2.1,0.4519,1.9781656466666668
2017-04-25,2.1,0.4519,1.9781656466666668
2017-04-26,2.1,0.4519,1.9781656466666668
2017-04-27,2.1,0.1699,1.9781656466666668
2017-04-28,0.7,0.1699,1.9781656466666668
2017-05-01,0.7,4.2734,2.9599707375
2017-05-02,0.7,4.2734,2.9599707375
2017-05-03,0.7,4.2734,2.9599707375
2017-05-04,0.7,4.1795,2.9599707375
2017-05-05,0.7,4.1795,2.9599707375
2017-05-08,0.7,4.1795,2.9599707375
2017-05-09,0.7,3.6005,2.9599707375
2017-05-10,0.7,3.6005,2.9599707375
2017-05-11,0.7,3.6005,2.9599707375
2017-05-12,0.7,3.6473,2.9599707375
2017-05-15,0.7,3.6473,2.9599707375
2017-05-16,0.7,4.085,2.9599707375
2017-05-17,0.7,4.085,2.9599707375
2017-05-18,0.7,4.085,2.9599707375
2017-05-19,0.7,4.085,2.9599707375
2017-05-22,0.7,4.085,2.9599707375
2017-05-23,0.7,4.085,2.9599707375
2017-05-24,0.7,4.085,2.9599707375
2017-05-25,0.7,4.085,2.9599707375
2017-05-26,1.2,3.6732,2.9599707375
2017-05-29,1.2,3.6732,2.9599707375
2017-05-30,1.2,3.8189,2.9599707375
2017-05-31,1.2,3.8189,2.9599707375
2017-06-01,1.2,3.9758,2.9599707375
2017-06-02,1.2,3.4216,2.9599707375
2017-06-05,1.2,3.4216,2.9599707375
2017-06-06,1.2,3.4216,2.9599707375
2017-06-07,1.2,3.4216,2.9599707375
2017-06-08,1.2,3.4216,2.9599707375
2017-06-09,1.2,2.9875,2.9599707375
2017-06-12,1.2,2.9875,2.9599707375
2017-06-13,1.2,2.9875,2.9599707375
2017-06-14,1.2,3.1585,2.9599707375
2017-06-15,1.2,3.1585,2.9599707375
2017-06-16,1.2,2.8779,2.9599707375
2017-06-19,1.2,2.8779,2.9599707375
2017-06-20,1.2,2.8779,2.9599707375
2017-06-21,1.2,2.8779,2.9599707375
2017-06-22,1.2,2.8779,2.9599707375
2017-06-23,1.2,2.8779,2.9599707375
2017-06-26,1.2,2.861,2.9599707375
2017-06-27,1.2,2.861,2.9599707375
2017-06-28,1.2,2.861,2.9599707375
2017-06-29,1.4,2.861,2.9599707375
2017-06-30,1.4,2.7183,2.9599707375
2017-07-03,1.4,2.9516,2.9599707375
2017-07-04,1.4,2.9516,2.9599707375
2017-07-05,1.4,2.9516,2.9599707375
2017-07-06,1.4,2.6789,2.9599707375
2017-07-07,1.4,2.6789,2.9599707375
2017-07-10,1.4,2.6789,2.9599707375
2017-07-11,1.4,2.5542,2.9599707375
2017-07-12,1.4,2.5542,2.9599707375
2017-07-13,1.4,2.5542,2.9599707375
2017-07-14,1.4,2.4415,2.9599707375
2017-07-17,1.4,2.4415,2.9599707375
2017-07-18,1.4,2.4415,2.9599707375
2017-07-19,1.4,2.5408,2.9599707375
2017-07-20,1.4,2.5408,2.9599707375
2017-07-21,1.4,2.5408,2.9599707375
2017-07-24,1.4,2.5408,2.9599707375
2017-07-25,1.4,2.5408,2.9599707375
2017-07-26,1.4,2.5408,2.9599707375
2017-07-27,1.4,2.8194,2.9599707375
2017-07-28,2.6,2.8194,2.9599707375
2017-07-31,2.6,2.8194,2.374499862
2017-08-01,2.6,2.8194,2.374499862
2017-08-02,2.6,2.8194,2.374499862
2017-08-03,2.6,4.0239,2.374499862
2017-08-04,2.6,3.6652,2.374499862
2017-08-07,2.6,3.6652,2.374499862
2017-08-08,2.6,3.6652,2.374499862
2017-08-09,2.6,3.5488,2.374499862
2017-08-10,2.6,3.5488,2.374499862
2017-08-11,2.6,3.5488,2.374499862
2017-08-14,2.6,3.5488,2.374499862
2017-08-15,2.6,3.6905,2.374499862
2017-08-16,2.6,3.849,2.374499862
2017-08-17,2.6,3.849,2.374499862
2017-08-18,2.6,3.849,2.374499862
2017-08-21,2.6,3.849,2.374499862
2017-08-22,2.6,3.849,2.374499862
2017-08-23,2.6,3.849,2.374499862
2017-08-24,2.6,3.849,2.374499862
2017-08-25,2.6,3.4096,2.374499862
2017-08-28,2.6,3.4096,2.374499862
2017-08-29,2.6,3.4096,2.374499862
2017-08-30,3.0,3.4096,2.374499862
2017-08-31,3.0,3.3292,2.374499862
2017-09-01,3.0,3.1658,2.374499862
2017-09-04,3.0,3.1658,2.374499862
2017-09-05,3.0,3.1658,2.374499862
2017-09-06,3.0,2.926,2.374499862
2017-09-07,3.0,2.926,2.374499862
2017-09-08,3.0,2.9927,2.374499862
2017-09-11,3.0,2.9927,2.374499862
2017-09-12,3.0,2.9927,2.374499862
2017-09-13,3.0,2.9927,2.374499862
2017-09-14,3.0,2.9927,2.374499862
2017-09-15,3.0,2.2478,2.374499862
2017-09-18,3.0,2.2478,2.374499862
2017-09-19,3.0,2.2064,2.374499862
2017-09-20,3.0,2.2064,2.374499862
2017-09-21,3.0,2.2064,2.374499862
2017-09-22,3.0,2.2064,2.374499862
2017-09-25,3.0,2.2064,2.374499862
2017-09-26,3.0,2.2064,2.374499862
2017-09-27,3.0,2.1431,2.374499862
2017-09-28,3.1,2.1431,2.374499862
2017-09-29,3.1,2.3079,2.374499862
2017-10-02,3.1,2.7343,2.374499862
2017-10-03,3.1,2.7343,2.374499862
2017-10-04,3.1,2.7343,2.374499862
2017-10-05,3.1,2.8197,2.374499862
2017-10-06,3.1,2.4953,2.374499862
2017-10-09,3.1,2.4953,2.374499862
2017-10-10,3.1,2.4953,2.374499862
2017-10-11,3.1,2.4953,2.374499862
2017-10-12,3.1,2.4953,2.374499862
2017-10-13,3.1,2.6966,2.374499862
2017-10-16,3.1,2.6966,2.374499862
2017-10-17,3.1,2.6966,2.374499862
2017-10-18,3.1,2.7158,2.374499862
2017-10-19,3.1,2.7158,2.374499862
2017-10-20,3.1,2.7158,2.374499862
2017-10-23,3.1,2.7158,2.374499862
2017-10-24,3.1,2.7158,2.374499862
2017-10-25,3.1,2.7182,2.374499862
2017-10-26,3.1,2.7182,2.374499862
2017-10-27,3.0,2.7182,2.374499862
2017-10-30,3.0,2.9335,1.9810784250000002
2017-10-31,3.0,2.9335,1.9810784250000002
2017-11-01,3.0,4.4809,1.9810784250000002
2017-11-02,3.0,4.4809,1.9810784250000002
2017-11-03,3.0,3.3041,1.9810784250000002
2017-11-06,3.0,3.3041,1.9810784250000002
2017-11-07,3.0,3.3041,1.9810784250000002
2017-11-08,3.0,3.3041,1.9810784250000002
2017-11-09,3.0,3.2811,1.9810784250000002
2017-11-10,3.0,3.2811,1.9810784250000002
2017-11-13,3.0,3.2811,1.9810784250000002
2017-11-14,3.0,3.2811,1.9810784250000002
2017-11-15,3.0,3.245,1.9810784250000002
2017-11-16,3.0,3.245,1.9810784250000002
2017-11-17,3.0,3.4182,1.9810784250000002
2017-11-20,3.0,3.4182,1.9810784250000002
2017-11-21,3.0,3.4182,1.9810784250000002
2017-11-22,3.0,3.3962,1.9810784250000002
2017-11-23,3.0,3.3962,1.9810784250000002
2017-11-24,3.0,3.3962,1.9810784250000002
2017-11-27,3.0,3.3962,1.9810784250000002
2017-11-28,3.0,3.3962,1.9810784250000002
2017-11-29,3.3,3.3962,1.9810784250000002
2017-11-30,3.3,2.74,1.9810784250000002
2017-12-01,3.3,3.4718,1.9810784250000002
2017-12-04,3.3,3.4718,1.9810784250000002
2017-12-05,3.3,3.2163,1.9810784250000002
2017-12-06,3.3,3.2163,1.9810784250000002
2017-12-07,3.3,3.2163,1.9810784250000002
2017-12-08,3.3,2.8821,1.9810784250000002
2017-12-11,3.3,2.8821,1.9810784250000002
2017-12-12,3.3,2.8821,1.9810784250000002
2017-12-13,3.3,2.8821,1.9810784250000002
2017-12-14,3.3,3.3129,1.9810784250000002
2017-12-15,3.3,3.3129,1.9810784250000002
2017-12-18,3.3,3.3129,1.9810784250000002
2017-12-19,3.3,3.2589,1.9810784250000002
2017-12-20,3.3,3.2589,1.9810784250000002
2017-12-21,3.2,3.2589,1.9810784250000002
2017-12-22,3.2,2.8216,1.9810784250000002
2017-12-25,3.2,2.8216,1.9810784250000002
2017-12-26,3.2,2.8216,1.9810784250000002
2017-12-27,3.2,2.8216,1.9810784250000002
2017-12-28,3.2,2.8216,1.9810784250000002
2017-12-29,3.2,2.8216,1.9810784250000002
2018-01-01,3.2,2.8216,1.9810784250000002
2018-01-02,3.2,2.8216,1.9810784250000002
2018-01-03,3.2,3.1534,1.9810784250000002
2018-01-04,3.2,3.1534,1.9810784250000002
2018-01-05,3.2,2.7081,1.9810784250000002
2018-01-08,3.2,2.7081,1.9810784250000002
2018-01-09,3.2,2.7081,1.9810784250000002
2018-01-10,3.2,2.7807,1.9810784250000002
2018-01-11,3.2,2.7807,1.9810784250000002
2018-01-12,3.2,3.265,1.9810784250000002
2018-01-15,3.2,3.265,1.9810784250000002
2018-01-16,3.2,3.265,1.9810784250000002
2018-01-17,3.2,3.265,1.9810784250000002
2018-01-18,3.2,3.422,1.9810784250000002
2018-01-19,3.2,3.422,1.9810784250000002
2018-01-22,3.2,3.422,1.9810784250000002
2018-01-23,3.2,3.422,1.9810784250000002
2018-01-24,3.2,3.422,1.9810784250000002
2018-01-25,3.2,3.406,1.9810784250000002
2018-01-26,2.6,3.406,1.9810784250000002
2018-01-29,2.6,4.1571,1.8728152214285716
2018-01-30,2.6,4.1571,1.8728152214285716
2018-01-31,2.6,4.1571,1.8728152214285716
2018-02-01,2.6,5.3755,1.8728152214285716
2018-02-02,2.6,5.3755,1.8728152214285716
2018-02-05,2.6,5.3755,1.8728152214285716
2018-02-06,2.6,4.0251,1.8728152214285716
2018-02-07,2.6,4.0251,1.8728152214285716
2018-02-08,2.6,4.0251,1.8728152214285716
2018-02-09,2.6,4.0104,1.8728152214285716
2018-02-12,2.6,4.0104,1.8728152214285716
2018-02-13,2.6,4.0104,1.8728152214285716
2018-02-14,2.6,3.2499,1.8728152214285716
2018-02-15,2.6,3.2499,1.8728152214285716
2018-02-16,2.6,3.1978,1.8728152214285716
2018-02-19,2.6,3.1978,1.8728152214285716
2018-02-20,2.6,3.1978,1.8728152214285716
2018-02-21,2.6,3.1978,1.8728152214285716
2018-02-22,2.6,3.1978,1.8728152214285716
2018-02-23,2.6,3.1978,1.8728152214285716
2018-02-26,2.6,3.1978,1.8728152214285716
2018-02-27,2.6,2.5809,1.8728152214285716
2018-02-28,2.5,2.5809,1.8728152214285716
2018-03-01,2.5,3.5391,1.8728152214285716
2018-03-02,2.5,3.5391,1.8728152214285716
2018-03-05,2.5,3.5391,1.8728152214285716
2018-03-06,2.5,3.5391,1.8728152214285716
2018-03-07,2.5,2.8138,1.8728152214285716
2018-03-08,2.5,2.8138,1.8728152214285716
2018-03-09,2.5,2.4779,1.8728152214285716
2018-03-12,2.5,2.4779,1.8728152214285716
2018-03-13,2.5,2.4779,1.8728152214285716
2018-03-14,2.5,1.8516,1.8728152214285716
2018-03-15,2.5,1.8516,1.8728152214285716
2018-03-16,2.5,1.8013,1.8728152214285716
2018-03-19,2.5,1.8013,1.8728152214285716
2018-03-20,2.5,1.8013,1.8728152214285716
2018-03-21,2.5,1.8013,1.8728152214285716
2018-03-22,2.5,1.8013,1.8728152214285716
2018-03-23,2.5,1.7903,1.8728152214285716
2018-03-26,2.5,1.7903,1.8728152214285716
2018-03-27,2.5,1.7903,1.8728152214285716
2018-03-28,2.9,1.7903,1.8728152214285716
2018-03-29,2.9,2.3703,1.8728152214285716
2018-03-30,2.9,2.3703,1.8728152214285716
2018-04-02,2.9,2.7982,1.8728152214285716
2018-04-03,2.9,2.7982,1.8728152214285716
2018-04-04,2.9,2.7982,1.8728152214285716
2018-04-05,2.9,2.3163,1.8728152214285716
2018-04-06,2.9,2.3163,1.8728152214285716
2018-04-09,2.9,2.3163,1.8728152214285716
2018-04-10,2.9,1.9721,1.8728152214285716
2018-04-11,2.9,1.9721,1.8728152214285716
2018-04-12,2.9,1.9721,1.8728152214285716
2018-04-13,2.9,1.9721,1.8728152214285716
2018-04-16,2.9,1.9084,1.8728152214285716
2018-04-17,2.9,1.967,1.8728152214285716
2018-04-18,2.9,1.967,1.8728152214285716
2018-04-19,2.9,1.967,1.8728152214285716
2018-04-20,2.9,1.967,1.8728152214285716
2018-04-23,2.9,1.967,1.8728152214285716
2018-04-24,2.9,1.967,1.8728152214285716
2018-04-25,2.9,1.967,1.8728152214285716
2018-04-26,2.9,1.9834,1.8728152214285716
2018-04-27,2.3,1.9834,1.8728152214285716
2018-04-30,2.3,4.0672,2.19871276375
2018-05-01,2.3,4.1367,2.19871276375
2018-05-02,2.3,4.1367,2.19871276375
2018-05-03,2.3,3.9911,2.19871276375
2018-05-04,2.3,3.9911,2.19871276375
2018-05-07,2.3,3.9911,2.19871276375
2018-05-08,2.3,3.9911,2.19871276375
2018-05-09,2.3,4.0319,2.19871276375
2018-05-10,2.3,4.0319,2.19871276375
2018-05-11,2.3,4.0319,2.19871276375
2018-05-14,2.3,4.0319,2.19871276375
2018-05-15,2.3,4.0693,2.19871276375
2018-05-16,2.3,4.1288,2.19871276375
2018-05-17,2.3,4.1288,2.19871276375
2018-05-18,2.3,4.1288,2.19871276375
2018-05-21,2.3,4.1288,2.19871276375
2018-05-22,2.3,4.1288,2.19871276375
2018-05-23,2.3,4.1288,2.19871276375
2018-05-24,2.3,4.1288,2.19871276375
2018-05-25,2.3,4.0351,2.19871276375
2018-05-28,2.3,4.0351,2.19871276375
2018-05-29,2.3,4.0351,2.19871276375
2018-05-30,2.2,4.0351,2.19871276375
2018-05-31,2.2,4.6733,2.19871276375
2018-06-01,2.2,4.8436,2.19871276375
2018-06-04,2.2,4.8436,2.19871276375
2018-06-05,2.2,4.8436,2.19871276375
2018-06-06,2.2,4.4897,2.19871276375
2018-06-07,2.2,4.4897,2.19871276375
2018-06-08,2.2,4.5571,2.19871276375
2018-06-11,2.2,4.5571,2.19871276375
2018-06-12,2.2,4.5571,2.19871276375
2018-06-13,2.2,4.5571,2.19871276375
2018-06-14,2.2,4.8039,2.19871276375
2018-06-15,2.2,4.8039,2.19871276375
2018-06-18,2.2,4.8039,2.19871276375
2018-06-19,2.2,4.7088,2.19871276375
2018-06-20,2.2,4.7088,2.19871276375
2018-06-21,2.2,4.7088,2.19871276375
2018-06-22,2.2,4.7088,2.19871276375
2018-06-25,2.2,4.7088,2.19871276375
2018-06-26,2.2,4.7088,2.19871276375
2018-06-27,2.2,4.4816,2.19871276375
2018-06-28,2.0,4.4816,2.19871276375
2018-06-29,2.0,3.834,2.19871276375
2018-07-02,2.0,4.0861,2.19871276375
2018-07-03,2.0,4.0861,2.19871276375
2018-07-04,2.0,4.0861,2.19871276375
2018-07-05,2.0,4.0861,2.19871276375
2018-07-06,2.0,3.838,2.19871276375
2018-07-09,2.0,3.838,2.19871276375
2018-07-10,2.0,3.838,2.19871276375
2018-07-11,2.0,3.8962,2.19871276375
2018-07-12,2.0,3.8962,2.19871276375
2018-07-13,2.0,3.8962,2.19871276375
2018-07-16,2.0,4.5323,2.19871276375
2018-07-17,2.0,4.5323,2.19871276375
2018-07-18,2.0,4.5129,2.19871276375
2018-07-19,2.0,4.5129,2.19871276375
2018-07-20,2.0,4.5129,2.19871276375
2018-07-23,2.0,4.5129,2.19871276375
2018-07-24,2.0,4.5129,2.19871276375
2018-07-25,2.0,4.5129,2.19871276375
2018-07-26,2.0,3.8225,2.19871276375
2018-07-27,4.1,3.8225,2.19871276375
2018-07-30,4.1,3.8225,1.9659675955555556
2018-07-31,4.1,3.8225,1.9659675955555556
2018-08-01,4.1,3.8225,1.9659675955555556
2018-08-02,4.1,3.8225,1.9659675955555556
2018-08-03,4.1,4.3705,1.9659675955555556
2018-08-06,4.1,4.3705,1.9659675955555556
2018-08-07,4.1,4.3705,1.9659675955555556
2018-08-08,4.1,4.3705,1.9659675955555556
2018-08-09,4.1,4.3244,1.9659675955555556
2018-08-10,4.1,4.3244,1.9659675955555556
2018-08-13,4.1,4.3244,1.9659675955555556
2018-08-14,4.1,4.3244,1.9659675955555556
2018-08-15,4.1,4.3197,1.9659675955555556
2018-08-16,4.1,4.2541,1.9659675955555556
2018-08-17,4.1,4.2541,1.9659675955555556
2018-08-20,4.1,4.2541,1.9659675955555556
2018-08-21,4.1,4.2541,1.9659675955555556
2018-08-22,4.1,4.2541,1.9659675955555556
2018-08-23,4.1,4.2541,1.9659675955555556
2018-08-24,4.1,4.5929,1.9659675955555556
2018-08-27,4.1,4.5929,1.9659675955555556
2018-08-28,4.1,4.5929,1.9659675955555556
2018-08-29,4.2,4.5929,1.9659675955555556
2018-08-30,4.2,4.0807,1.9659675955555556
2018-08-31,4.2,4.0807,1.9659675955555556
2018-09-03,4.2,4.0807,1.9659675955555556
2018-09-04,4.2,4.6573,1.9659675955555556
2018-09-05,4.2,4.3557,1.9659675955555556
2018-09-06,4.2,4.3557,1.9659675955555556
2018-09-07,4.2,4.3557,1.9659675955555556
2018-09-10,4.2,4.3557,1.9659675955555556
2018-09-11,4.2,3.7827,1.9659675955555556
2018-09-12,4.2,3.7827,1.9659675955555556
2018-09-13,4.2,3.7827,1.9659675955555556
2018-09-14,4.2,4.4255,1.9659675955555556
2018-09-17,4.2,4.4255,1.9659675955555556
2018-09-18,4.2,4.4255,1.9659675955555556
2018-09-19,4.2,4.4472,1.9659675955555556
2018-09-20,4.2,4.4472,1.9659675955555556
2018-09-21,4.2,4.4472,1.9659675955555556
2018-09-24,4.2,4.4472,1.9659675955555556
2018-09-25,4.2,4.4472,1.9659675955555556
2018-09-26,4.2,4.4472,1.9659675955555556
2018-09-27,4.2,3.8303,1.9659675955555556
2018-09-28,4.2,3.6271,1.9659675955555556
2018-10-01,4.2,4.0823,1.9659675955555556
2018-10-02,4.2,4.0823,1.9659675955555556
2018-10-03,4.2,4.0823,1.9659675955555556
2018-10-04,4.2,4.0823,1.9659675955555556
2018-10-05,4.2,4.0836,1.9659675955555556
2018-10-08,4.2,4.0836,1.9659675955555556
2018-10-09,4.2,4.0836,1.9659675955555556
2018-10-10,4.2,4.1949,1.9659675955555556
2018-10-11,4.2,4.1949,1.9659675955555556
2018-10-12,4.2,4.1949,1.9659675955555556
2018-10-15,4.2,4.0036,1.9659675955555556
2018-10-16,4.2,4.0036,1.9659675955555556
2018-10-17,4.2,3.8514,1.9659675955555556
2018-10-18,4.2,3.8514,1.9659675955555556
2018-10-19,4.2,3.8514,1.9659675955555556
2018-10-22,4.2,3.8514,1.9659675955555556
2018-10-23,4.2,3.8514,1.9659675955555556
2018-10-24,4.2,3.8514,1.9659675955555556
2018-10-25,4.2,3.5537,1.9659675955555556
2018-10-26,3.5,3.5537,1.9659675955555556
2018-10-29,3.5,2.6468,0.90954369
2018-10-30,3.5,2.6468,0.90954369
2018-10-31,3.5,2.6468,0.90954369
2018-11-01,3.5,2.9642,0.90954369
2018-11-02,3.5,2.899,0.90954369
2018-11-05,3.5,2.899,0.90954369
2018-11-06,3.5,2.899,0.90954369
2018-11-07,3.5,2.899,0.90954369
2018-11-08,3.5,2.899,0.90954369
2018-11-09,3.5,2.8969,0.90954369
2018-11-12,3.5,2.8969,0.90954369
2018-11-13,3.5,2.8969,0.90954369
2018-11-14,3.5,2.8969,0.90954369
2018-11-15,3.5,2.8969,0.90954369
2018-11-16,3.5,2.8969,0.90954369
2018-11-19,3.5,2.8969,0.90954369
2018-11-20,3.5,2.8969,0.90954369
2018-11-21,3.5,2.4909,0.90954369
2018-11-22,3.5,2.4909,1.9659675955555556
2018-11-23,3.5,2.4909,1.9659675955555556
2018-11-26,3.5,2.4909,1.9659675955555556
2018-11-27,3.5,2.4909,1.9659675955555556
2018-11-28,3.5,2.4909,1.9659675955555556
2018-11-29,3.5,2.621,1.9659675955555556
2018-11-30,3.5,2.621,1.9659675955555556
2018-12-03,3.5,2.8003,1.9659675955555556
2018-12-04,3.5,2.8003,1.9659675955555556
2018-12-05,3.5,2.8003,1.9659675955555556
2018-12-06,3.5,2.6643,1.9659675955555556
2018-12-07,3.5,2.3825,1.9659675955555556
2018-12-10,3.5,2.3825,1.9659675955555556
2018-12-11,3.5,2.3825,1.9659675955555556
2018-12-12,3.5,2.3825,1.9659675955555556
2018-12-13,3.5,2.3825,1.9659675955555556
2018-12-14,3.5,2.9954,1.9659675955555556
2018-12-17,3.5,2.9954,1.9659675955555556
2018-12-18,3.5,2.9212,1.9659675955555556
2018-12-19,3.5,2.9212,1.9659675955555556
2018-12-20,3.5,2.9212,1.9659675955555556
2018-12-21,3.4,2.7144,1.9659675955555556
2018-12-24,3.4,2.7144,1.9659675955555556
2018-12-25,3.4,2.7144,1.9659675955555556
2018-12-26,3.4,2.7144,1.9659675955555556
2018-12-27,3.4,2.7144,1.9659675955555556
2018-12-28,3.4,2.7144,1.9659675955555556
2018-12-31,3.4,2.7144,1.9659675955555556
2019-01-01,3.4,2.7144,1.9659675955555556
2019-01-02,3.4,2.7144,1.9659675955555556
2019-01-03,3.4,2.587,1.9659675955555556
2019-01-04,3.4,2.587,1.9659675955555556
2019-01-07,3.4,2.587,1.9659675955555556
2019-01-08,3.4,2.7941,1.9659675955555556
2019-01-09,3.4,2.7941,1.9659675955555556
2019-01-10,3.4,2.7944,1.9659675955555556
2019-01-11,3.4,2.7944,1.9659675955555556
2019-01-14,3.4,2.7944,1.9659675955555556
2019-01-15,3.4,2.7944,1.9659675955555556
2019-01-16,3.4,2.788,1.9659675955555556
2019-01-17,3.4,2.788,1.9659675955555556
2019-01-18,3.4,2.788,1.9659675955555556
2019-01-21,3.4,2.788,1.9659675955555556
2019-01-22,3.4,2.788,1.9659675955555556
2019-01-23,3.4,2.788,1.9659675955555556
2019-01-24,3.4,2.788,1.9659675955555556
2019-01-25,3.4,2.7221,1.9659675955555556
2019-01-28,3.4,2.7221,1.9659675955555556
2019-01-29,3.4,2.7221,1.9659675955555556
2019-01-30,3.4,2.7221,1.9659675955555556
2019-01-31,3.4,2.6947,1.9659675955555556
2019-02-01,3.4,2.49,1.9659675955555556
2019-02-04,3.4,2.49,1.9659675955555556
2019-02-05,3.4,2.49,1.9659675955555556
2019-02-06,3.4,2.49,1.9659675955555556
2019-02-07,3.4,2.49,1.9659675955555556
2019-02-08,3.4,2.7329,1.9659675955555556
2019-02-11,3.4,2.7329,1.9659675955555556
2019-02-12,3.4,2.7329,1.9659675955555556
2019-02-13,3.4,2.7329,1.9659675955555556
2019-02-14,3.4,2.7329,1.9659675955555556
2019-02-15,3.4,1.5252,1.9659675955555556
2019-02-18,3.4,1.5252,1.9659675955555556
2019-02-19,3.4,1.5252,1.9659675955555556
2019-02-20,3.4,1.5252,1.9659675955555556
2019-02-21,3.4,1.4171,1.9659675955555556
2019-02-22,3.4,1.4171,1.9659675955555556
2019-02-25,3.4,1.8555,1.9659675955555556
2019-02-26,3.4,1.7982,1.9659675955555556
2019-02-27,3.4,1.8466,1.9659675955555556
2019-02-28,2.6,1.8466,1.9659675955555556
2019-03-01,2.6,0.3431,1.8316915600000003
2019-03-04,2.6,0.2669,1.8316915600000003
2019-03-05,2.6,0.2669,1.8316915600000003
2019-03-06,2.6,0.5221,1.8316915600000003
2019-03-07,2.6,0.5221,1.8316915600000003
2019-03-08,2.6,0.4762,1.8316915600000003
2019-03-11,2.6,0.4762,1.8316915600000003
2019-03-12,2.6,0.4762,1.8316915600000003
2019-03-13,2.6,0.4762,1.8316915600000003
2019-03-14,2.6,0.3818,1.8316915600000003
2019-03-15,2.6,0.3818,1.8316915600000003
2019-03-18,2.6,0.3818,1.8316915600000003
2019-03-19,2.6,0.3818,1.8316915600000003
2019-03-20,2.6,0.3818,1.8316915600000003
2019-03-21,2.6,0.3818,1.8316915600000003
2019-03-22,2.6,1.2257,1.8316915600000003
2019-03-25,2.6,1.2257,1.8316915600000003
2019-03-26,2.6,1.2778,1.8316915600000003
2019-03-27,2.6,1.5339,1.8316915600000003
2019-03-28,2.2,1.5339,1.8316915600000003
2019-03-29,2.2,1.707,1.8316915600000003
2019-04-01,2.2,2.1258,1.8316915600000003
2019-04-02,2.2,2.0735,1.8316915600000003
2019-04-03,2.2,2.0735,1.8316915600000003
2019-04-04,2.2,2.0735,1.8316915600000003
2019-04-05,2.2,2.0735,1.8316915600000003
2019-04-08,2.2,2.2735,1.8316915600000003
2019-04-09,2.2,2.2735,1.8316915600000003
2019-04-10,2.2,2.2735,1.8316915600000003
2019-04-11,2.2,2.2735,1.8316915600000003
2019-04-12,2.2,2.2735,1.8316915600000003
2019-04-15,2.2,2.2735,1.8316915600000003
2019-04-16,2.2,2.2735,1.8316915600000003
2019-04-17,2.2,2.4262,1.8316915600000003
2019-04-18,2.2,2.7886,1.8316915600000003
2019-04-19,2.2,2.7677,1.8316915600000003
2019-04-22,2.2,2.7677,1.8316915600000003
2019-04-23,2.2,2.7677,1.8316915600000003
2019-04-24,2.2,2.7677,1.8316915600000003
2019-04-25,2.2,2.6711,1.8316915600000003
2019-04-26,3.2,2.6711,1.9659675955555556
2019-04-29,3.2,1.2515,1.8019863569999999
2019-04-30,3.2,1.2515,1.8019863569999999
2019-05-01,3.2,1.2169,1.8019863569999999
2019-05-02,3.2,1.2169,1.8019863569999999
2019-05-03,3.2,1.6676,1.8019863569999999
2019-05-06,3.2,1.6676,1.8019863569999999
2019-05-07,3.2,1.6676,1.8019863569999999
2019-05-08,3.2,1.6676,1.8019863569999999
2019-05-09,3.2,1.5747,1.8019863569999999
2019-05-10,3.2,1.5747,1.8019863569999999
2019-05-13,3.2,1.5747,1.8019863569999999
2019-05-14,3.2,1.5747,1.8019863569999999
2019-05-15,3.2,1.0874,1.8019863569999999
2019-05-16,3.2,1.1647,1.8019863569999999
2019-05-17,3.2,1.1647,1.8019863569999999
2019-05-20,3.2,1.1647,1.8019863569999999
2019-05-21,3.2,1.1647,1.8019863569999999
2019-05-22,3.2,1.1647,1.8019863569999999
2019-05-23,3.2,1.1647,1.8316915600000003
2019-05-24,3.2,1.2611,1.8316915600000003
2019-05-27,3.2,1.2611,1.8316915600000003
2019-05-28,3.2,1.2611,1.8316915600000003
2019-05-29,3.2,1.2611,1.8316915600000003
2019-05-30,3.1,1.2611,1.8316915600000003
2019-05-31,3.1,1.1653,1.8316915600000003
2019-06-03,3.1,1.2562,1.8316915600000003
2019-06-04,3.1,1.2562,1.8316915600000003
2019-06-05,3.1,1.2562,1.8316915600000003
2019-06-06,3.1,1.474,1.8316915600000003
2019-06-07,3.1,1.3872,1.8316915600000003
2019-06-10,3.1,1.3872,1.8316915600000003
2019-06-11,3.1,1.3872,1.8316915600000003
2019-06-12,3.1,1.3872,1.8316915600000003
2019-06-13,3.1,1.3872,1.8316915600000003
2019-06-14,3.1,2.0515,1.8316915600000003
2019-06-17,3.1,2.0515,1.8316915600000003
2019-06-18,3.1,2.0478,1.8316915600000003
2019-06-19,3.1,2.0478,1.8316915600000003
2019-06-20,3.1,2.0478,1.8316915600000003
2019-06-21,3.1,2.0478,1.8316915600000003
2019-06-24,3.1,2.0478,1.8316915600000003
2019-06-25,3.1,2.0478,1.8316915600000003
2019-06-26,3.1,1.8818,1.8316915600000003
2019-06-27,3.1,1.8818,1.8316915600000003
2019-06-28,3.1,1.4957,1.8316915600000003
2019-07-01,3.1,1.4702,1.8316915600000003
2019-07-02,3.1,1.4702,1.8316915600000003
2019-07-03,3.1,1.3088,1.8316915600000003
2019-07-04,3.1,1.3088,1.8316915600000003
2019-07-05,3.1,1.3088,1.8316915600000003
2019-07-08,3.1,1.3088,1.8316915600000003
2019-07-09,3.1,1.3088,1.8316915600000003
2019-07-10,3.1,1.3976,1.8316915600000003
2019-07-11,3.1,1.3976,1.8316915600000003
2019-07-12,3.1,1.3976,1.8316915600000003
2019-07-15,3.1,1.3976,1.8316915600000003
2019-07-16,3.1,1.6027,1.8316915600000003
2019-07-17,3.1,1.605,1.8316915600000003
2019-07-18,3.1,1.605,1.8316915600000003
2019-07-19,3.1,1.605,1.8316915600000003
2019-07-22,3.1,1.605,1.8316915600000003
2019-07-23,3.1,1.605,1.8316915600000003
2019-07-24,3.1,1.605,1.8316915600000003
2019-07-25,3.1,1.3334,1.8316915600000003
2019-07-26,2.1,1.3334,1.8019863569999999
2019-07-29,2.1,1.3334,1.6673544663636362
2019-07-30,2.1,1.3334,1.7203050240000002
2019-07-31,2.1,1.3334,1.7203050240000002
2019-08-01,2.1,1.3334,1.7203050240000002
2019-08-02,2.1,1.3334,1.7203050240000002
2019-08-05,2.1,1.9394,1.875779408888889
2019-08-06,2.1,1.9394,1.875779408888889
2019-08-07,2.1,1.9394,1.875779408888889
2019-08-08,2.1,1.9446,1.875779408888889
2019-08-09,2.1,1.9446,1.875779408888889
2019-08-12,2.1,1.9446,1.875779408888889
2019-08-13,2.1,1.9446,1.875779408888889
2019-08-14,2.1,1.9446,1.875779408888889
2019-08-15,2.1,2.159,1.875779408888889
2019-08-16,2.1,2.228,1.875779408888889
2019-08-19,2.1,2.228,1.875779408888889
2019-08-20,2.1,2.228,1.875779408888889
2019-08-21,2.1,2.228,1.875779408888889
2019-08-22,2.1,2.228,1.875779408888889
2019-08-23,2.1,2.228,1.875779408888889
2019-08-26,2.1,2.2648,1.875779408888889
2019-08-27,2.1,2.2648,1.8316915600000003
2019-08-28,2.1,2.2648,1.8316915600000003
2019-08-29,2.0,2.2648,1.8316915600000003
2019-08-30,2.0,2.0421,1.8316915600000003
2019-09-02,2.0,2.0421,1.8316915600000003
2019-09-03,2.0,1.6819,1.8316915600000003
2019-09-04,2.0,1.4665,1.8316915600000003
2019-09-05,2.0,1.4665,1.8316915600000003
2019-09-06,2.0,1.4665,1.8316915600000003
2019-09-09,2.0,1.4665,1.8316915600000003
2019-09-10,2.0,1.4665,1.8316915600000003
2019-09-11,2.0,1.877,1.8316915600000003
2019-09-12,2.0,1.877,1.8316915600000003
2019-09-13,2.0,1.8046,1.8316915600000003
2019-09-16,2.0,1.8046,1.8316915600000003
2019-09-17,2.0,1.8046,1.8316915600000003
2019-09-18,2.0,1.9355,1.8316915600000003
2019-09-19,2.0,1.9355,1.8316915600000003
2019-09-20,2.0,1.9355,1.8316915600000003
2019-09-23,2.0,1.9355,1.8316915600000003
2019-09-24,2.0,1.9355,1.8316915600000003
2019-09-25,2.0,1.9355,1.8316915600000003
2019-09-26,2.0,1.9355,1.8316915600000003
2019-09-27,2.0,2.1076,1.8316915600000003
2019-09-30,2.0,2.1076,1.8316915600000003
2019-10-01,2.0,1.7789,1.8316915600000003
2019-10-02,2.0,1.7789,1.8316915600000003
2019-10-03,2.0,1.7789,1.8316915600000003
2019-10-04,2.0,1.7618,1.8316915600000003
2019-10-07,2.0,1.7618,1.8316915600000003
2019-10-08,2.0,1.7618,1.8316915600000003
2019-10-09,2.0,1.7243,1.8316915600000003
2019-10-10,2.0,1.7243,1.8316915600000003
2019-10-11,2.0,1.7243,1.8316915600000003
2019-10-14,2.0,1.7243,1.8316915600000003
2019-10-15,2.0,1.7243,1.8316915600000003
2019-10-16,2.0,1.7657,1.8316915600000003
2019-10-17,2.0,1.8058,1.8316915600000003
2019-10-18,2.0,1.8058,1.8316915600000003
2019-10-21,2.0,1.8058,1.8316915600000003
2019-10-22,2.0,1.8058,1.8316915600000003
2019-10-23,2.0,1.8058,1.8316915600000003
2019-10-24,2.0,1.7618,1.8316915600000003
2019-10-25,2.0,1.7618,1.8316915600000003
2019-10-28,2.0,1.6752,1.8316915600000003
2019-10-29,2.0,1.6752,1.8316915600000003
2019-10-30,1.9,1.6752,1.9072120166666666
2019-10-31,1.9,1.4622,1.7345363189999998
2019-11-01,1.9,1.0707,1.7345363189999998
2019-11-04,1.9,1.0707,1.7345363189999998
2019-11-05,1.9,0.9501,1.8915919588888894
2019-11-06,1.9,0.9501,1.8915919588888894
2019-11-07,1.9,0.9501,2.10548407375
2019-11-08,1.9,1.0131,2.10548407375
2019-11-11,1.9,1.0131,2.10548407375
2019-11-12,1.9,1.0131,2.10548407375
2019-11-13,1.9,1.0131,2.10548407375
2019-11-14,1.9,1.0131,2.10548407375
2019-11-15,1.9,0.3132,2.10548407375
2019-11-18,1.9,0.3132,2.10548407375
2019-11-19,1.9,0.4226,2.10548407375
2019-11-20,1.9,0.4226,2.10548407375
2019-11-21,1.9,0.4226,2.10548407375
2019-11-22,1.9,0.4226,2.10548407375
2019-11-25,1.9,0.4226,2.10548407375
2019-11-26,1.9,0.4226,2.10548407375
2019-11-27,2.1,1.6559,1.8316915600000003
2019-11-28,2.1,1.6559,1.8316915600000003
2019-11-29,2.1,1.6559,1.8316915600000003
2019-12-02,2.1,1.6559,1.8316915600000003
2019-12-03,2.1,1.341,1.8316915600000003
2019-12-04,2.1,1.341,1.8316915600000003
2019-12-05,2.1,1.4843,1.8316915600000003
2019-12-06,2.1,1.9644,1.8316915600000003
2019-12-09,2.1,1.9644,1.8316915600000003
2019-12-10,2.1,1.9644,1.8316915600000003
2019-12-11,2.1,1.9644,1.8316915600000003
2019-12-12,2.1,1.9644,1.8316915600000003
2019-12-13,2.1,1.9502,1.8316915600000003
2019-12-16,2.1,1.9502,1.8316915600000003
2019-12-17,2.1,2.341,1.8316915600000003
2019-12-18,2.1,2.341,1.8316915600000003
2019-12-19,2.1,2.341,1.8316915600000003
2019-12-20,2.1,2.1431,1.8316915600000003
2019-12-23,2.1,2.1431,1.8316915600000003
2019-12-24,2.1,2.2786,1.8316915600000003
2019-12-25,2.1,2.2786,1.8316915600000003
2019-12-26,2.1,2.2786,1.8316915600000003
2019-12-27,2.1,2.2786,1.8316915600000003
2019-12-30,2.1,2.2786,1.8316915600000003
2019-12-31,2.1,2.2786,1.8316915600000003
2020-01-01,2.1,2.2786,1.8316915600000003
2020-01-02,2.1,2.2786,1.8316915600000003
2020-01-03,2.1,2.3303,1.8316915600000003
2020-01-06,2.1,2.3303,1.8316915600000003
2020-01-07,2.1,2.3322,1.8316915600000003
2020-01-08,2.1,2.3322,1.8316915600000003
2020-01-09,2.1,2.3322,1.8316915600000003
2020-01-10,2.1,2.2722,1.8316915600000003
2020-01-13,2.1,2.2722,1.8316915600000003
2020-01-14,2.1,2.2722,1.8316915600000003
2020-01-15,2.1,2.2722,1.8316915600000003
2020-01-16,2.1,1.8353,1.8316915600000003
2020-01-17,2.1,1.789,1.8316915600000003
2020-01-20,2.1,1.789,1.8316915600000003
2020-01-21,2.1,1.789,1.8316915600000003
2020-01-22,2.1,1.789,1.8316915600000003
2020-01-23,2.1,1.789,1.8316915600000003
2020-01-24,2.1,1.789,1.8316915600000003
2020-01-27,2.1,1.789,1.8316915600000003
2020-01-28,2.1,1.8521,1.8316915600000003
2020-01-29,2.1,1.7394,1.8316915600000003
2020-01-30,2.1,1.7394,1.3985396922222224
2020-01-31,2.1,2.7393,5.535060959000001
2020-02-03,2.1,2.8905,6.114397114444444
2020-02-04,2.1,2.8905,6.114397114444444
2020-02-05,2.1,2.8987,6.85613987375
2020-02-06,2.1,2.8987,42.76375236
2020-02-07,2.1,2.6747,42.76375236
2020-02-10,2.1,2.6747,42.76375236
2020-02-11,2.1,2.6747,42.76375236
2020-02-12,2.1,2.6747,42.76375236
2020-02-13,2.1,2.6747,42.76375236
2020-02-14,2.1,2.3538,42.76375236
2020-02-17,2.1,2.3538,42.76375236
2020-02-18,2.1,2.3538,42.76375236
2020-02-19,2.1,2.5698,42.76375236
2020-02-20,2.1,2.5698,42.76375236
2020-02-21,2.1,2.5698,42.76375236
2020-02-24,2.1,2.5698,42.76375236
2020-02-25,2.1,2.5698,1.8316915600000003
2020-02-26,2.1,2.5698,1.8316915600000003
2020-02-27,2.1,2.7085,1.8316915600000003
2020-02-28,2.1,2.5912,1.8316915600000003
2020-03-02,2.1,2.6656,1.8316915600000003
2020-03-03,2.1,2.6656,1.8316915600000003
2020-03-04,2.1,2.6656,1.8316915600000003
2020-03-05,2.1,2.6656,1.8316915600000003
2020-03-06,2.1,3.0509,1.8316915600000003
2020-03-09,2.1,3.0509,1.8316915600000003
2020-03-10,2.1,3.0509,1.8316915600000003
2020-03-11,2.1,3.0509,1.8316915600000003
2020-03-12,2.1,3.0509,1.8316915600000003
2020-03-13,2.1,3.0509,1.8316915600000003
2020-03-16,2.1,3.0509,1.8316915600000003
2020-03-17,2.1,2.935,1.8316915600000003
2020-03-18,2.1,3.1333,1.8316915600000003
2020-03-19,2.1,3.1333,1.8316915600000003
2020-03-20,2.1,3.1333,1.8316915600000003
2020-03-23,2.1,3.1333,1.8316915600000003
2020-03-24,2.1,3.1333,1.8316915600000003
2020-03-25,2.1,3.1279,1.8316915600000003
2020-03-26,2.1,3.1279,1.8316915600000003
2020-03-27,2.1,2.68,1.8316915600000003
2020-03-30,2.1,2.68,1.8316915600000003
2020-03-31,2.1,2.68,1.8316915600000003
2020-04-01,2.1,2.1519,1.8316915600000003
2020-04-02,2.1,1.2526,1.8316915600000003
2020-04-03,2.1,1.2526,1.8316915600000003
2020-04-06,2.1,1.2526,1.8316915600000003
2020-04-07,2.1,1.2526,1.8316915600000003
2020-04-08,2.1,1.2526,1.8316915600000003
2020-04-09,2.1,0.962,1.8316915600000003
2020-04-10,2.1,0.962,1.8316915600000003
2020-04-13,2.1,0.962,1.8316915600000003
2020-04-14,2.1,0.962,1.8316915600000003
2020-04-15,2.1,-0.3178,1.8316915600000003
2020-04-16,2.1,-0.264,1.8316915600000003
2020-04-17,2.1,-0.264,1.8316915600000003
2020-04-20,2.1,-0.264,1.8316915600000003
2020-04-21,2.1,-0.264,1.8316915600000003
2020-04-22,2.1,-0.264,1.8316915600000003
2020-04-23,2.1,-0.264,1.8316915600000003
2020-04-24,2.1,-0.2527,1.8316915600000003
2020-04-27,2.1,-0.2527,1.8316915600000003
2020-04-28,2.1,-0.9691,1.8316915600000003
2020-04-29,-4.8,-0.9691,5.493913731111111
2020-04-30,-4.8,-12.0527,106.90275983899998
2020-05-01,-4.8,-16.6422,106.90275983899998
2020-05-04,-4.8,-16.6422,106.90275983899998
2020-05-05,-4.8,-17.6055,118.74517364777775
2020-05-06,-4.8,-17.6055,118.74517364777775
2020-05-07,-4.8,-17.6055,6.991961854285714
2020-05-08,-4.8,-34.8591,42.76375236
2020-05-11,-4.8,-34.8591,42.76375236
2020-05-12,-4.8,-34.8591,42.76375236
2020-05-13,-4.8,-34.8591,42.76375236
2020-05-14,-4.8,-34.8591,42.76375236
2020-05-15,-4.8,-42.813,42.76375236
2020-05-18,-4.8,-42.813,42.76375236
2020-05-19,-4.8,-41.9068,42.76375236
2020-05-20,-4.8,-41.9068,42.76375236
2020-05-21,-4.8,-41.9068,42.76375236
2020-05-22,-4.8,-41.9068,42.76375236
2020-05-25,-4.8,-41.9068,42.76375236
2020-05-26,-4.8,-41.9068,42.76375236
2020-05-27,-4.8,-41.9068,1.8316915600000003
2020-05-28,-5.0,-40.3875,1.8316915600000003
2020-05-29,-5.0,-51.1586,1.8316915600000003
2020-06-01,-5.0,-52.7976,1.8316915600000003
2020-06-02,-5.0,-52.7976,1.8316915600000003
2020-06-03,-5.0,-52.7976,1.8316915600000003
2020-06-04,-5.0,-53.7606,1.8316915600000003
2020-06-05,-5.0,-53.7606,1.8316915600000003
2020-06-08,-5.0,-53.7606,1.8316915600000003
2020-06-09,-5.0,-48.4665,1.8316915600000003
2020-06-10,-5.0,-48.4665,1.8316915600000003
2020-06-11,-5.0,-48.4665,1.8316915600000003
2020-06-12,-5.0,-48.4665,1.8316915600000003
2020-06-15,-5.0,-48.4665,1.8316915600000003
2020-06-16,-5.0,-45.3542,1.8316915600000003
2020-06-17,-5.0,-45.5086,1.8316915600000003
2020-06-18,-5.0,-45.5086,1.8316915600000003
2020-06-19,-5.0,-45.5086,1.8316915600000003
2020-06-22,-5.0,-45.5086,1.8316915600000003
2020-06-23,-5.0,-45.5086,1.8316915600000003
2020-06-24,-5.0,-45.5086,1.8316915600000003
2020-06-25,-5.0,-46.6312,1.8316915600000003
2020-06-26,-5.0,-39.4533,1.8316915600000003
2020-06-29,-5.0,-39.4533,1.8316915600000003
2020-06-30,-5.0,-39.4533,1.8316915600000003
2020-07-01,-5.0,-36.7739,1.8316915600000003
2020-07-02,-5.0,-35.1798,1.8316915600000003
2020-07-03,-5.0,-35.1798,1.8316915600000003
2020-07-06,-5.0,-35.1798,1.8316915600000003
2020-07-07,-5.0,-35.1798,1.8316915600000003
2020-07-08,-5.0,-35.1798,1.8316915600000003
2020-07-09,-5.0,-35.4683,1.8316915600000003
2020-07-10,-5.0,-35.4683,1.8316915600000003
2020-07-13,-5.0,-35.4683,1.8316915600000003
2020-07-14,-5.0,-35.4683,1.8316915600000003
2020-07-15,-5.0,-35.4683,1.8316915600000003
2020-07-16,-5.0,-34.4749,1.8316915600000003
2020-07-17,-5.0,-34.7078,1.8316915600000003
2020-07-20,-5.0,-34.7078,1.8316915600000003
2020-07-21,-5.0,-34.7078,1.8316915600000003
2020-07-22,-5.0,-34.7078,1.8316915600000003
2020-07-23,-5.0,-34.7078,1.8316915600000003
2020-07-24,-5.0,-34.7078,1.8316915600000003
2020-07-27,-5.0,-34.282,1.8316915600000003
2020-07-28,-5.0,-34.282,1.8316915600000003
2020-07-29,-5.0,-32.0844,1.8316915600000003
2020-07-30,-32.9,-32.0844,118.77722022555552
2020-07-31,-32.9,-32.0844,531.8000985390001
2020-08-03,-32.9,11.8845,531.8000985390001
2020-08-04,-32.9,11.8845,590.853327758889
2020-08-05,-32.9,20.2589,590.853327758889
2020-08-06,-32.9,20.2589,613.988159997143
2020-08-07,-32.9,20.5114,42.76375236
2020-08-10,-32.9,20.5114,42.76375236
2020-08-11,-32.9,20.5114,42.76375236
2020-08-12,-32.9,20.5114,42.76375236
2020-08-13,-32.9,20.5114,42.76375236
2020-08-14,-32.9,26.221,42.76375236
2020-08-17,-32.9,26.221,42.76375236
2020-08-18,-32.9,25.5664,42.76375236
2020-08-19,-32.9,25.5664,42.76375236
2020-08-20,-32.9,25.5664,42.76375236
2020-08-21,-32.9,25.5664,42.76375236
2020-08-24,-32.9,25.5664,42.76375236
2020-08-25,-32.9,25.5664,42.76375236
2020-08-26,-32.9,25.6075,1.8316915600000003
2020-08-27,-31.7,25.6075,1.8316915600000003
2020-08-28,-31.7,28.8759,1.8316915600000003
2020-08-31,-31.7,28.8759,1.8316915600000003
2020-09-01,-31.7,28.5001,1.8316915600000003
2020-09-02,-31.7,28.5001,1.8316915600000003
2020-09-03,-31.7,29.5839,1.8316915600000003
2020-09-04,-31.7,29.5839,1.8316915600000003
2020-09-07,-31.7,29.5839,1.8316915600000003
2020-09-08,-31.7,29.5839,1.8316915600000003
2020-09-09,-31.7,29.5839,1.8316915600000003
2020-09-10,-31.7,30.8391,1.8316915600000003
2020-09-11,-31.7,30.8391,1.8316915600000003
2020-09-14,-31.7,30.8391,1.8316915600000003
2020-09-15,-31.7,30.8391,1.8316915600000003
2020-09-16,-31.7,31.6811,1.8316915600000003
2020-09-17,-31.7,31.9535,1.8316915600000003
2020-09-18,-31.7,31.9535,1.8316915600000003
2020-09-21,-31.7,31.9535,1.8316915600000003
2020-09-22,-31.7,31.9535,1.8316915600000003
2020-09-23,-31.7,31.9535,1.8316915600000003
2020-09-24,-31.7,31.9535,1.8316915600000003
2020-09-25,-31.7,31.9955,1.8316915600000003
2020-09-28,-31.7,31.9955,1.8316915600000003
2020-09-29,-31.7,31.9955,1.8316915600000003
2020-09-30,-31.4,31.9955,1.8316915600000003
2020-10-01,-31.4,34.6024,1.8316915600000003
2020-10-02,-31.4,34.6024,1.8316915600000003
2020-10-05,-31.4,34.6024,1.8316915600000003
2020-10-06,-31.4,35.3025,1.8316915600000003
2020-10-07,-31.4,35.3025,1.8316915600000003
2020-10-08,-31.4,35.3025,1.8316915600000003
2020-10-09,-31.4,35.2315,1.8316915600000003
2020-10-12,-31.4,35.2315,1.8316915600000003
2020-10-13,-31.4,35.2315,1.8316915600000003
2020-10-14,-31.4,35.2315,1.8316915600000003
2020-10-15,-31.4,35.2315,1.8316915600000003
2020-10-16,-31.4,35.1769,1.8316915600000003
2020-10-19,-31.4,35.1769,1.8316915600000003
2020-10-20,-31.4,35.2934,1.8316915600000003
2020-10-21,-31.4,35.2934,1.8316915600000003
2020-10-22,-31.4,35.2934,1.8316915600000003
2020-10-23,-31.4,35.2934,1.8316915600000003
2020-10-26,-31.4,35.2934,1.8316915600000003
2020-10-27,-31.4,36.1794,1.8316915600000003
2020-10-28,-31.4,36.9708,1.8316915600000003
2020-10-29,33.1,36.9708,590.8874460166668
2020-10-30,33.1,2.2482,640.5060666790001
2020-11-02,33.1,3.3557,640.5060666790001
2020-11-03,33.1,3.3557,711.6377368033333
2020-11-04,33.1,3.217,711.6377368033333
2020-11-05,33.1,3.217,769.2824001971429
2020-11-06,33.1,3.5141,42.76375236
2020-11-09,33.1,3.5141,42.76375236
2020-11-10,33.1,3.5141,42.76375236
2020-11-11,33.1,3.5141,42.76375236
2020-11-12,33.1,3.5141,42.76375236
2020-11-13,33.1,3.5141,42.76375236
2020-11-16,33.1,3.5141,42.76375236
2020-11-17,33.1,5.3926,42.76375236
2020-11-18,33.1,5.5729,42.76375236
2020-11-19,33.1,5.5729,42.76375236
2020-11-20,33.1,5.5729,42.76375236
2020-11-23,33.1,5.5729,42.76375236
2020-11-24,33.1,5.5729,42.76375236
2020-11-25,33.1,11.0108,1.8316915600000003
2020-11-26,33.1,11.0108,1.8316915600000003
2020-11-27,33.1,11.0108,1.8316915600000003
2020-11-30,33.1,11.0108,1.8316915600000003
2020-12-01,33.1,11.0863,1.8316915600000003
2020-12-02,33.1,11.0863,1.8316915600000003
2020-12-03,33.1,11.0863,1.8316915600000003
2020-12-04,33.1,11.1654,1.8316915600000003
2020-12-07,33.1,11.1654,1.8316915600000003
2020-12-08,33.1,11.1654,1.8316915600000003
2020-12-09,33.1,11.1508,1.8316915600000003
2020-12-10,33.1,11.1508,1.8316915600000003
2020-12-11,33.1,11.1508,1.8316915600000003
2020-12-14,33.1,11.1508,1.8316915600000003
2020-12-15,33.1,11.1508,1.8316915600000003
2020-12-16,33.1,11.0216,1.8316915600000003
2020-12-17,33.1,11.1293,1.8316915600000003
2020-12-18,33.1,11.1293,1.8316915600000003
2020-12-21,33.1,11.1293,1.8316915600000003
2020-12-22,33.4,11.1293,1.8316915600000003
2020-12-23,33.4,10.4084,1.8316915600000003
2020-12-24,33.4,10.4084,1.8316915600000003
2020-12-25,33.4,10.4084,1.8316915600000003
2020-12-28,33.4,10.4084,1.8316915600000003
2020-12-29,33.4,10.4084,1.8316915600000003
2020-12-30,33.4,10.4084,1.8316915600000003
2020-12-31,33.4,10.4084,1.8316915600000003
2021-01-01,33.4,10.4084,1.8316915600000003
2021-01-04,33.4,8.6254,1.8316915600000003
2021-01-05,33.4,8.6254,1.8316915600000003
2021-01-06,33.4,8.6254,1.8316915600000003
2021-01-07,33.4,8.5431,1.8316915600000003
2021-01-08,33.4,8.6641,1.8316915600000003
2021-01-11,33.4,8.6641,1.8316915600000003
2021-01-12,33.4,8.6641,1.8316915600000003
2021-01-13,33.4,8.6641,1.8316915600000003
2021-01-14,33.4,8.6641,1.8316915600000003
2021-01-15,33.4,7.4489,1.8316915600000003
2021-01-18,33.4,7.4489,1.8316915600000003
2021-01-19,33.4,7.4489,1.8316915600000003
2021-01-20,33.4,7.4489,1.8316915600000003
2021-01-21,33.4,7.5408,1.8316915600000003
2021-01-22,33.4,7.5408,1.8316915600000003
2021-01-25,33.4,7.5408,1.8316915600000003
2021-01-26,33.4,7.5408,1.8316915600000003
2021-01-27,33.4,7.16,1.8316915600000003
2021-01-28,4.0,7.16,711.5374923100002
2021-01-29,4.0,5.1576,640.4415030790001
2021-02-01,4.0,6.0013,640.4415030790001
2021-02-02,4.0,6.0013,711.5659994700001
2021-02-03,4.0,6.0013,711.5659994700001
2021-02-04,4.0,6.0013,769.1901664828572
2021-02-05,4.0,4.6496,42.76375236
2021-02-08,4.0,4.6496,42.76375236
2021-02-09,4.0,4.6496,42.76375236
2021-02-10,4.0,4.5075,42.76375236
2021-02-11,4.0,4.5075,42.76375236
2021-02-12,4.0,4.5075,42.76375236
2021-02-15,4.0,4.5075,42.76375236
2021-02-16,4.0,4.5075,42.76375236
2021-02-17,4.0,9.495,42.76375236
2021-02-18,4.0,9.4699,42.76375236
2021-02-19,4.0,9.4699,42.76375236
2021-02-22,4.0,9.4699,42.76375236
2021-02-23,4.0,9.4699,42.76375236
2021-02-24,4.0,9.4699,1.8316915600000003
2021-02-25,4.1,9.604,1.8316915600000003
2021-02-26,4.1,8.7524,1.8316915600000003
2021-03-01,4.1,10.0417,1.8316915600000003
2021-03-02,4.1,10.0417,1.8316915600000003
2021-03-03,4.1,10.0417,1.8316915600000003
2021-03-04,4.1,10.0417,1.8316915600000003
2021-03-05,4.1,8.3464,1.8316915600000003
2021-03-08,4.1,8.3541,1.8316915600000003
2021-03-09,4.1,8.3541,1.8316915600000003
2021-03-10,4.1,8.3541,1.8316915600000003
2021-03-11,4.1,8.3541,1.8316915600000003
2021-03-12,4.1,8.3541,1.8316915600000003
2021-03-15,4.1,8.3541,1.8316915600000003
2021-03-16,4.1,5.9307,1.8316915600000003
2021-03-17,4.1,5.7391,1.8316915600000003
2021-03-18,4.1,5.7391,1.8316915600000003
2021-03-19,4.1,5.7391,1.8316915600000003
2021-03-22,4.1,5.7391,1.8316915600000003
2021-03-23,4.1,5.7391,1.8316915600000003
2021-03-24,4.1,5.418,1.8316915600000003
2021-03-25,4.3,5.418,1.8316915600000003
2021-03-26,4.3,4.7124,1.8316915600000003
2021-03-29,4.3,4.7124,1.8316915600000003
2021-03-30,4.3,4.7124,1.8316915600000003
2021-03-31,4.3,4.7124,1.8316915600000003
2021-04-01,4.3,6.0312,1.8316915600000003
2021-04-02,4.3,6.0312,1.8316915600000003
2021-04-05,4.3,6.0312,1.8316915600000003
2021-04-06,4.3,6.0312,1.8316915600000003
2021-04-07,4.3,6.1897,1.8316915600000003
2021-04-08,4.3,6.1897,1.8316915600000003
2021-04-09,4.3,6.047,1.8316915600000003
2021-04-12,4.3,6.047,1.8316915600000003
2021-04-13,4.3,6.047,1.8316915600000003
2021-04-14,4.3,6.047,1.8316915600000003
2021-04-15,4.3,8.3299,1.8316915600000003
2021-04-16,4.3,8.3206,1.8316915600000003
2021-04-19,4.3,8.3206,1.8316915600000003
2021-04-20,4.3,8.3206,1.8316915600000003
2021-04-21,4.3,8.3206,1.8316915600000003
2021-04-22,4.3,8.3206,1.8316915600000003
2021-04-23,4.3,8.3206,1.8316915600000003
2021-04-26,4.3,8.184,1.8316915600000003
2021-04-27,4.3,8.184,1.8316915600000003
2021-04-28,4.3,7.8694,1.8316915600000003
2021-04-29,6.4,7.8694,711.1038928033332
2021-04-30,6.4,10.3867,640.181029159
2021-05-03,6.4,13.1748,640.181029159
2021-05-04,6.4,13.5672,711.2765840033335
2021-05-05,6.4,13.5672,711.2765840033335
2021-05-06,6.4,13.5672,768.818060882857
2021-05-07,6.4,11.0026,42.76375236
2021-05-10,6.4,11.0026,42.76375236
2021-05-11,6.4,11.0026,42.76375236
2021-05-12,6.4,11.0026,42.76375236
2021-05-13,6.4,11.0026,42.76375236
2021-05-14,6.4,10.5417,42.76375236
2021-05-17,6.4,10.5417,42.76375236
2021-05-18,6.4,10.1318,42.76375236
2021-05-19,6.4,10.1318,42.76375236
2021-05-20,6.4,10.1318,42.76375236
2021-05-21,6.4,10.1318,42.76375236
2021-05-24,6.4,10.1318,42.76375236
2021-05-25,6.4,10.1318,42.76375236
2021-05-26,6.4,10.1318,1.8316915600000003
2021-05-27,6.4,9.1027,1.8316915600000003
2021-05-28,6.4,9.311,1.8316915600000003
2021-05-31,6.4,9.311,1.8316915600000003
2021-06-01,6.4,10.3135,1.8316915600000003
2021-06-02,6.4,10.3135,1.8316915600000003
2021-06-03,6.4,10.3135,1.8316915600000003
2021-06-04,6.4,10.3135,1.8316915600000003
2021-06-07,6.4,10.3135,1.8316915600000003
2021-06-08,6.4,9.3823,1.8316915600000003
2021-06-09,6.4,9.2734,1.8316915600000003
2021-06-10,6.4,9.2734,1.8316915600000003
2021-06-11,6.4,9.2734,1.8316915600000003
2021-06-14,6.4,9.2734,1.8316915600000003
2021-06-15,6.4,10.5253,1.8316915600000003
2021-06-16,6.4,10.2751,1.8316915600000003
2021-06-17,6.4,10.2751,1.8316915600000003
2021-06-18,6.4,10.2751,1.8316915600000003
2021-06-21,6.4,10.2751,1.8316915600000003
2021-06-22,6.4,10.2751,1.8316915600000003
2021-06-23,6.4,10.2751,1.8316915600000003
2021-06-24,6.4,9.6731,1.8316915600000003
2021-06-25,6.4,8.344,1.8316915600000003
2021-06-28,6.4,8.344,1.8316915600000003
2021-06-29,6.4,8.344,1.8316915600000003
2021-06-30,6.4,8.344,1.8316915600000003
2021-07-01,6.4,8.6316,1.8316915600000003
2021-07-02,6.4,7.7809,1.8316915600000003
2021-07-05,6.4,7.7809,1.8316915600000003
2021-07-06,6.4,7.7809,1.8316915600000003
2021-07-07,6.4,7.7809,1.8316915600000003
2021-07-08,6.4,7.7809,1.8316915600000003
2021-07-09,6.4,7.8646,1.8316915600000003
2021-07-12,6.4,7.8646,1.8316915600000003
2021-07-13,6.4,7.8646,1.8316915600000003
2021-07-14,6.4,7.8646,1.8316915600000003
2021-07-15,6.4,7.8646,1.8316915600000003
2021-07-16,6.4,7.5281,1.8316915600000003
2021-07-19,6.4,7.5281,1.8316915600000003
2021-07-20,6.4,7.5705,1.8316915600000003
2021-07-21,6.4,7.5705,1.8316915600000003
2021-07-22,6.4,7.5705,1.8316915600000003
2021-07-23,6.4,7.5705,1.8316915600000003
2021-07-26,6.4,7.5705,1.8316915600000003
2021-07-27,6.4,7.3846,1.8316915600000003
2021-07-28,6.4,6.4265,1.8316915600000003
2021-07-29,6.5,6.4265,711.3006983711111
2021-07-30,6.5,6.0882,642.1300187590002
2021-08-02,6.5,6.3256,642.1300187590002
2021-08-03,6.5,6.3256,713.4421280033333
2021-08-04,6.5,6.3256,713.4421280033333
2021-08-05,6.5,6.0595,771.6023317400001
2021-08-06,6.5,6.0203,42.76375236
2021-08-09,6.5,6.0203,42.76375236
2021-08-10,6.5,6.0203,42.76375236
2021-08-11,6.5,6.0203,42.76375236
2021-08-12,6.5,6.0203,42.76375236
2021-08-13,6.5,6.0203,42.76375236
2021-08-16,6.5,6.0203,42.76375236
2021-08-17,6.5,6.2034,42.76375236
2021-08-18,6.5,6.1329,42.76375236
2021-08-19,6.5,6.1329,42.76375236
2021-08-20,6.5,6.1329,42.76375236
2021-08-23,6.5,6.1329,42.76375236
2021-08-24,6.5,6.1329,42.76375236
2021-08-25,6.5,5.7098,1.8316915600000003
2021-08-26,6.6,5.7098,1.8316915600000003
2021-08-27,6.6,5.0539,1.8316915600000003
2021-08-30,6.6,5.0539,1.8316915600000003
2021-08-31,6.6,5.0539,1.8316915600000003
2021-09-01,6.6,5.2968,1.8316915600000003
2021-09-02,6.6,3.6614,1.8316915600000003
2021-09-03,6.6,3.6614,1.8316915600000003
2021-09-06,6.6,3.6614,1.8316915600000003
2021-09-07,6.6,3.6614,1.8316915600000003
2021-09-08,6.6,3.6614,1.8316915600000003
2021-09-09,6.6,3.6614,1.8316915600000003
2021-09-10,6.6,3.6566,1.8316915600000003
2021-09-13,6.6,3.6566,1.8316915600000003
2021-09-14,6.6,3.6566,1.8316915600000003
2021-09-15,6.6,3.6566,1.8316915600000003
2021-09-16,6.6,3.6497,1.8316915600000003
2021-09-17,6.6,3.6497,1.8316915600000003
2021-09-20,6.6,3.6497,1.8316915600000003
2021-09-21,6.6,3.6617,1.8316915600000003
2021-09-22,6.6,3.6617,1.8316915600000003
2021-09-23,6.6,3.6617,1.8316915600000003
2021-09-24,6.6,3.6617,1.8316915600000003
2021-09-27,6.6,3.1665,1.8316915600000003
2021-09-28,6.6,3.1665,1.8316915600000003
2021-09-29,6.6,3.1665,1.8316915600000003
2021-09-30,6.7,3.1665,1.8316915600000003
2021-10-01,6.7,2.2662,1.8316915600000003
2021-10-04,6.7,2.2662,1.8316915600000003
2021-10-05,6.7,1.3332,1.8316915600000003
2021-10-06,6.7,1.3332,1.8316915600000003
2021-10-07,6.7,1.3332,1.8316915600000003
2021-10-08,6.7,1.3056,1.8316915600000003
2021-10-11,6.7,1.3056,1.8316915600000003
2021-10-12,6.7,1.3056,1.8316915600000003
2021-10-13,6.7,1.3056,1.8316915600000003
2021-10-14,6.7,1.3056,1.8316915600000003
2021-10-15,6.7,1.1653,1.8316915600000003
2021-10-18,6.7,1.1653,1.8316915600000003
2021-10-19,6.7,0.5328,1.8316915600000003
2021-10-20,6.7,0.5328,1.8316915600000003
2021-10-21,6.7,0.5328,1.8316915600000003
2021-10-22,6.7,0.5328,1.8316915600000003
2021-10-25,6.7,0.5328,1.8316915600000003
2021-10-26,6.7,0.5328,1.8316915600000003
2021-10-27,6.7,0.195,1.8316915600000003
2021-10-28,2.0,0.195,642.1300187590002
2021-10-29,2.0,6.6046,587.8415647809092
2021-11-01,2.0,8.1637,587.8415647809092
2021-11-02,2.0,8.1637,646.593617703
2021-11-03,2.0,8.1637,646.593617703
2021-11-04,2.0,8.5359,680.7716683975002
2021-11-05,2.0,8.5359,42.76375236
2021-11-08,2.0,8.5359,42.76375236
2021-11-09,2.0,8.5359,42.76375236
2021-11-10,2.0,8.172,42.76375236
2021-11-11,2.0,8.172,42.76375236
2021-11-12,2.0,8.172,42.76375236
2021-11-15,2.0,8.172,42.76375236
2021-11-16,2.0,8.6723,42.76375236
2021-11-17,2.0,8.2085,42.76375236
2021-11-18,2.0,8.2085,42.76375236
2021-11-19,2.0,8.2085,42.76375236
2021-11-22,2.0,8.2085,42.76375236
2021-11-23,2.0,8.2085,42.76375236
2021-11-24,2.1,8.5729,1.8316915600000003
2021-11-25,2.1,8.5729,1.8316915600000003
2021-11-26,2.1,8.5729,1.8316915600000003
2021-11-29,2.1,8.5729,1.8316915600000003
2021-11-30,2.1,8.5729,1.8316915600000003
2021-12-01,2.1,9.7389,1.8316915600000003
2021-12-02,2.1,9.7389,1.8316915600000003
2021-12-03,2.1,9.7389,1.8316915600000003
2021-12-06,2.1,9.7389,1.8316915600000003
2021-12-07,2.1,8.6378,1.8316915600000003
2021-12-08,2.1,8.6378,1.8316915600000003
2021-12-09,2.1,8.722,1.8316915600000003
2021-12-10,2.1,8.722,1.8316915600000003
2021-12-13,2.1,8.722,1.8316915600000003
2021-12-14,2.1,8.722,1.8316915600000003
2021-12-15,2.1,6.9701,1.8316915600000003
2021-12-16,2.1,7.1603,1.8316915600000003
2021-12-17,2.1,7.1603,1.8316915600000003
2021-12-20,2.1,7.1603,1.8316915600000003
2021-12-21,2.1,7.1603,1.8316915600000003
2021-12-22,2.3,7.1603,1.8316915600000003
2021-12-23,2.3,7.641,1.8316915600000003
2021-12-24,2.3,7.641,1.8316915600000003
2021-12-27,2.3,7.641,1.8316915600000003
2021-12-28,2.3,7.641,1.8316915600000003
2021-12-29,2.3,7.641,1.8316915600000003
2021-12-30,2.3,7.641,1.8316915600000003
2021-12-31,2.3,7.641,1.8316915600000003
2022-01-03,2.3,7.641,1.8316915600000003
2022-01-04,2.3,7.3592,1.8316915600000003
2022-01-05,2.3,7.3592,1.8316915600000003
2022-01-06,2.3,6.731,1.8316915600000003
2022-01-07,2.3,6.731,1.8316915600000003
2022-01-10,2.3,6.7814,1.8316915600000003
2022-01-11,2.3,6.7814,1.8316915600000003
2022-01-12,2.3,6.7814,1.8316915600000003
2022-01-13,2.3,6.7814,1.8316915600000003
2022-01-14,2.3,5.046,1.8316915600000003
2022-01-17,2.3,5.046,1.8316915600000003
2022-01-18,2.3,5.046,1.8316915600000003
2022-01-19,2.3,5.1374,1.8316915600000003
2022-01-20,2.3,5.1374,1.8316915600000003
2022-01-21,2.3,5.1374,1.8316915600000003
2022-01-24,2.3,5.1374,1.8316915600000003
2022-01-25,2.3,5.1374,1.8316915600000003
2022-01-26,2.3,6.4986,1.8316915600000003
2022-01-27,6.9,6.4986,587.8415647809092
2022-01-28,6.9,0.0505,544.0537578791667
2022-01-31,6.9,0.0505,544.0537578791667
2022-02-01,6.9,0.1436,593.4840053627272
2022-02-02,6.9,0.1436,593.4840053627272
2022-02-03,6.9,0.1436,612.0623587933335
2022-02-04,6.9,0.1436,42.76375236
2022-02-07,6.9,0.1436,42.76375236
2022-02-08,6.9,0.731,42.76375236
2022-02-09,6.9,0.7126,42.76375236
2022-02-10,6.9,0.7126,42.76375236
2022-02-11,6.9,0.7126,42.76375236
2022-02-14,6.9,0.7126,42.76375236
2022-02-15,6.9,0.7126,42.76375236
2022-02-16,6.9,1.54,42.76375236
2022-02-17,6.9,1.2847,42.76375236
2022-02-18,6.9,1.2847,42.76375236
2022-02-21,6.9,1.2847,42.76375236
2022-02-22,6.9,1.2847,42.76375236
2022-02-23,6.9,1.2847,1.8316915600000003
2022-02-24,7.0,1.2847,1.8316915600000003
2022-02-25,7.0,0.6313,1.8316915600000003
2022-02-28,7.0,0.6313,1.8316915600000003
2022-03-01,7.0,0.0405,1.8316915600000003
2022-03-02,7.0,0.0405,1.8316915600000003
2022-03-03,7.0,0.0405,1.8316915600000003
2022-03-04,7.0,0.0405,1.8316915600000003
2022-03-07,7.0,0.0405,1.8316915600000003
2022-03-08,7.0,0.517,1.8316915600000003
2022-03-09,7.0,0.517,1.8316915600000003
2022-03-10,7.0,0.517,1.8316915600000003
2022-03-11,7.0,0.517,1.8316915600000003
2022-03-14,7.0,0.517,1.8316915600000003
2022-03-15,7.0,0.517,1.8316915600000003
2022-03-16,7.0,1.1734,1.8316915600000003
2022-03-17,7.0,1.2539,1.8316915600000003
2022-03-18,7.0,1.2539,1.8316915600000003
2022-03-21,7.0,1.2539,1.8316915600000003
2022-03-22,7.0,1.2539,1.8316915600000003
2022-03-23,7.0,1.2539,1.8316915600000003
2022-03-24,7.0,0.8667,1.8316915600000003
2022-03-25,7.0,0.8667,1.8316915600000003
2022-03-28,7.0,0.8667,1.8316915600000003
2022-03-29,7.0,0.8667,1.8316915600000003
2022-03-30,6.9,0.8667,1.8316915600000003
2022-03-31,6.9,1.303,1.8316915600000003
2022-04-01,6.9,1.5137,1.8316915600000003
2022-04-04,6.9,1.5137,1.8316915600000003
2022-04-05,6.9,0.8846,1.8316915600000003
2022-04-06,6.9,0.8846,1.8316915600000003
2022-04-07,6.9,0.8846,1.8316915600000003
2022-04-08,6.9,1.0577,1.8316915600000003
2022-04-11,6.9,1.0577,1.8316915600000003
2022-04-12,6.9,1.0577,1.8316915600000003
2022-04-13,6.9,1.0577,1.8316915600000003
2022-04-14,6.9,1.0823,1.8316915600000003
2022-04-15,6.9,1.0823,1.8316915600000003
2022-04-18,6.9,1.0823,1.8316915600000003
2022-04-19,6.9,1.3214,1.8316915600000003
2022-04-20,6.9,1.3214,1.8316915600000003
2022-04-21,6.9,1.3214,1.8316915600000003
2022-04-22,6.9,1.3214,1.8316915600000003
2022-04-25,6.9,1.3214,1.8316915600000003
2022-04-26,6.9,0.4459,1.8316915600000003
2022-04-27,6.9,0.3728,1.8316915600000003
2022-04-28,-1.4,0.3728,593.48353994
2022-04-29,-1.4,1.8689,544.1615799316667
2022-05-02,-1.4,1.6032,544.1615799316667
2022-05-03,-1.4,1.6032,593.6016294200001
2022-05-04,-1.4,2.1564,593.6016294200001
2022-05-05,-1.4,2.1564,612.20612153
2022-05-06,-1.4,2.1564,42.76375236
2022-05-09,-1.4,1.848,42.76375236
2022-05-10,-1.4,1.848,42.76375236
2022-05-11,-1.4,1.848,42.76375236
2022-05-12,-1.4,1.848,42.76375236
2022-05-13,-1.4,1.848,42.76375236
2022-05-16,-1.4,1.848,42.76375236
2022-05-17,-1.4,2.5019,42.76375236
2022-05-18,-1.4,2.3985,42.76375236
2022-05-19,-1.4,2.3985,42.76375236
2022-05-20,-1.4,2.3985,42.76375236
2022-05-23,-1.4,2.3985,42.76375236
2022-05-24,-1.4,2.3985,42.76375236
2022-05-25,-1.4,1.8058,42.76375236
2022-05-26,-1.5,1.8058,42.76375236
2022-05-27,-1.5,1.9248,42.76375236
2022-05-30,-1.5,1.9248,42.76375236
2022-05-31,-1.5,1.9248,42.76375236
2022-06-01,-1.5,1.3001,42.76375236
2022-06-02,-1.5,1.3001,42.76375236
2022-06-03,-1.5,1.3001,42.76375236
2022-06-06,-1.5,1.3001,42.76375236
2022-06-07,-1.5,0.8888,42.76375236
2022-06-08,-1.5,0.8842,42.76375236
2022-06-09,-1.5,0.8842,42.76375236
2022-06-10,-1.5,0.8842,42.76375236
2022-06-13,-1.5,0.8842,42.76375236
2022-06-14,-1.5,0.8842,42.76375236
2022-06-15,-1.5,-0.0017,42.76375236
2022-06-16,-1.5,0.0273,42.76375236
2022-06-17,-1.5,0.0273,42.76375236
2022-06-20,-1.5,0.0273,42.76375236
2022-06-21,-1.5,0.0273,42.76375236
2022-06-22,-1.5,0.0273,42.76375236
2022-06-23,-1.5,0.0273,42.76375236
2022-06-24,-1.5,0.0273,42.76375236
2022-06-27,-1.5,0.2564,42.76375236
2022-06-28,-1.5,0.2564,42.76375236
2022-06-29,-1.6,0.2564,42.76375236
2022-06-30,-1.6,-1.0083,42.76375236
2022-07-01,-1.6,-2.0775,42.76375236
2022-07-04,-1.6,-2.0775,42.76375236
2022-07-05,-1.6,-2.0775,42.76375236
2022-07-06,-1.6,-2.0775,42.76375236
2022-07-07,-1.6,-1.8651,42.76375236
2022-07-08,-1.6,-1.2393,42.76375236
2022-07-11,-1.6,-1.2393,42.76375236
2022-07-12,-1.6,-1.2393,42.76375236
2022-07-13,-1.6,-1.2393,42.76375236
2022-07-14,-1.6,-1.2393,42.76375236
2022-07-15,-1.6,-1.5245,42.76375236
2022-07-18,-1.6,-1.5245,42.76375236
2022-07-19,-1.6,-1.5927,42.76375236
2022-07-20,-1.6,-1.5927,42.76375236
2022-07-21,-1.6,-1.5927,42.76375236
2022-07-22,-1.6,-1.5927,42.76375236
2022-07-25,-1.6,-1.5927,42.76375236
2022-07-26,-1.6,-1.5927,42.76375236
2022-07-27,-1.6,-1.2002,42.76375236
2022-07-28,-0.9,-1.2002,593.6016294200001
2022-07-29,-0.9,2.0615,545.3382869716668
2022-08-01,-0.9,1.2582,545.3382869716668
2022-08-02,-0.9,1.2582,545.3382869716668
2022-08-03,-0.9,1.2582,545.3382869716668
2022-08-04,-0.9,1.4488,552.4296613810001
2022-08-05,-0.9,1.4488,42.76375236
2022-08-08,-0.9,1.4488,42.76375236
2022-08-09,-0.9,1.4488,42.76375236
2022-08-10,-0.9,2.4533,42.76375236
2022-08-11,-0.9,2.4533,42.76375236
2022-08-12,-0.9,2.4533,42.76375236
2022-08-15,-0.9,2.4533,42.76375236
2022-08-16,-0.9,1.81,42.76375236
2022-08-17,-0.9,1.6231,42.76375236
2022-08-18,-0.9,1.6231,42.76375236
2022-08-19,-0.9,1.6231,42.76375236
2022-08-22,-0.9,1.6231,42.76375236
2022-08-23,-0.9,1.6231,42.76375236
2022-08-24,-0.9,1.3786,42.76375236
2022-08-25,-0.6,1.3786,42.76375236
2022-08-26,-0.6,1.567,42.76375236
2022-08-29,-0.6,1.567,42.76375236
2022-08-30,-0.6,1.567,42.76375236
2022-08-31,-0.6,1.567,42.76375236
2022-09-01,-0.6,2.5917,42.76375236
2022-09-02,-0.6,2.5917,42.76375236
2022-09-05,-0.6,2.5917,42.76375236
2022-09-06,-0.6,2.5917,42.76375236
2022-09-07,-0.6,1.3612,42.76375236
2022-09-08,-0.6,1.3612,42.76375236
2022-09-09,-0.6,1.3023,42.76375236
2022-09-12,-0.6,1.3023,42.76375236
2022-09-13,-0.6,1.3023,42.76375236
2022-09-14,-0.6,1.3023,42.76375236
2022-09-15,-0.6,0.5214,42.76375236
2022-09-16,-0.6,0.5214,42.76375236
2022-09-19,-0.6,0.5214,42.76375236
2022-09-20,-0.6,0.3068,42.76375236
2022-09-21,-0.6,0.3068,42.76375236
2022-09-22,-0.6,0.3068,42.76375236
2022-09-23,-0.6,0.3068,42.76375236
2022-09-26,-0.6,0.3068,42.76375236
2022-09-27,-0.6,0.2705,42.76375236
2022-09-28,-0.6,0.2705,42.76375236
2022-09-29,-0.6,0.2705,42.76375236
2022-09-30,-0.6,2.4248,42.76375236
2022-10-03,-0.6,2.2836,42.76375236
2022-10-04,-0.6,2.2836,42.76375236
2022-10-05,-0.6,2.6969,42.76375236
2022-10-06,-0.6,2.6969,42.76375236
2022-10-07,-0.6,2.8905,42.76375236
2022-10-10,-0.6,2.8905,42.76375236
2022-10-11,-0.6,2.8905,42.76375236
2022-10-12,-0.6,2.8905,42.76375236
2022-10-13,-0.6,2.8905,42.76375236
2022-10-14,-0.6,2.8086,42.76375236
2022-10-17,-0.6,2.8086,42.76375236
2022-10-18,-0.6,2.8086,42.76375236
2022-10-19,-0.6,2.8522,42.76375236
2022-10-20,-0.6,2.8522,42.76375236
2022-10-21,-0.6,2.8522,42.76375236
2022-10-24,-0.6,2.8522,42.76375236
2022-10-25,-0.6,2.8522,42.76375236
2022-10-26,-0.6,3.0885,42.76375236
2022-10-27,2.6,3.0885,545.3382869716668
2022-10-28,2.6,3.0667,503.3919212238462
2022-10-31,2.6,3.0667,545.3262100725001
2022-11-01,2.6,2.5989,545.3262100725001
2022-11-02,2.6,2.5989,545.3262100725001
2022-11-03,2.6,3.6033,502.2120132781819
2022-11-04,2.6,3.6033,42.76375236
2022-11-07,2.6,3.6033,42.76375236
2022-11-08,2.6,3.6033,42.76375236
2022-11-09,2.6,4.0015,42.76375236
2022-11-10,2.6,4.0015,42.76375236
2022-11-11,2.6,4.0015,42.76375236
2022-11-14,2.6,4.0015,42.76375236
2022-11-15,2.6,4.0015,42.76375236
2022-11-16,2.6,4.382,42.76375236
2022-11-17,2.6,4.1812,42.76375236
2022-11-18,2.6,4.1812,42.76375236
2022-11-21,2.6,4.1812,42.76375236
2022-11-22,2.6,4.1812,42.76375236
2022-11-23,2.6,4.2578,42.76375236
2022-11-24,2.6,4.2578,42.76375236
2022-11-25,2.6,4.2578,42.76375236
2022-11-28,2.6,4.2578,42.76375236
2022-11-29,2.6,4.2578,42.76375236
2022-11-30,2.9,4.2578,42.76375236
2022-12-01,2.9,2.8375,42.76375236
2022-12-02,2.9,2.8375,42.76375236
2022-12-05,2.9,2.8375,42.76375236
2022-12-06,2.9,3.3647,42.76375236
2022-12-07,2.9,3.3647,42.76375236
2022-12-08,2.9,3.3647,42.76375236
2022-12-09,2.9,3.1869,42.76375236
2022-12-12,2.9,3.1869,42.76375236
2022-12-13,2.9,3.1869,42.76375236
2022-12-14,2.9,3.1869,42.76375236
2022-12-15,2.9,2.781,42.76375236
2022-12-16,2.9,2.781,42.76375236
2022-12-19,2.9,2.781,42.76375236
2022-12-20,2.9,2.7275,42.76375236
2022-12-21,2.9,2.7275,42.76375236
2022-12-22,3.2,2.7275,42.76375236
2022-12-23,3.2,3.657,42.76375236
2022-12-26,3.2,3.657,42.76375236
2022-12-27,3.2,3.657,42.76375236
2022-12-28,3.2,3.657,42.76375236
2022-12-29,3.2,3.657,42.76375236
2022-12-30,3.2,3.657,42.76375236
2023-01-02,3.2,3.657,42.76375236
2023-01-03,3.2,3.9086,42.76375236
2023-01-04,3.2,3.9086,42.76375236
2023-01-05,3.2,3.7565,42.76375236
2023-01-06,3.2,3.7565,42.76375236
2023-01-09,3.2,3.7565,42.76375236
2023-01-10,3.2,4.0699,42.76375236
2023-01-11,3.2,4.0699,42.76375236
2023-01-12,3.2,4.0699,42.76375236
2023-01-13,3.2,4.0699,42.76375236
2023-01-16,3.2,4.0699,42.76375236
2023-01-17,3.2,4.0699,42.76375236
2023-01-18,3.2,3.494,42.76375236
2023-01-19,3.2,3.5299,42.76375236
2023-01-20,3.2,3.5294,42.76375236
2023-01-23,3.2,3.5294,42.76375236
2023-01-24,3.2,3.5294,42.76375236
2023-01-25,3.2,3.5294,42.76375236
2023-01-26,2.9,3.5294,545.3262100725001
2023-01-27,2.9,0.6739,503.8320388638462
2023-01-30,2.9,0.6739,503.8320388638462
2023-01-31,2.9,0.6739,542.2543960725001
2023-02-01,2.9,0.6752,542.2543960725001
2023-02-02,2.9,0.6752,498.8609434600001
2023-02-03,2.9,0.6752,498.8609434600001
2023-02-06,2.9,0.6752,498.8609434600001
2023-02-07,2.9,2.0847,498.8609434600001
2023-02-08,2.9,2.1592,498.8609434600001
2023-02-09,2.9,2.1592,498.8609434600001
2023-02-10,2.9,2.1592,498.8609434600001
2023-02-13,2.9,2.1592,498.8609434600001
2023-02-14,2.9,2.1592,498.8609434600001
2023-02-15,2.9,2.4227,498.8609434600001
2023-02-16,2.9,2.495,498.8609434600001
2023-02-17,2.9,2.495,498.8609434600001
2023-02-20,2.9,2.495,498.8609434600001
2023-02-21,2.9,2.495,498.8609434600001
2023-02-22,2.9,2.495,498.8609434600001
2023-02-23,2.7,2.495,498.8609434600001
2023-02-24,2.7,2.7454,498.8609434600001
2023-02-27,2.7,2.8019,498.8609434600001
2023-02-28,2.7,2.8019,498.8609434600001
2023-03-01,2.7,2.2684,498.8609434600001
2023-03-02,2.7,2.2684,498.8609434600001
2023-03-03,2.7,2.2684,498.8609434600001
2023-03-06,2.7,2.2684,498.8609434600001
2023-03-07,2.7,2.0434,498.8609434600001
2023-03-08,2.7,2.6332,498.8609434600001
2023-03-09,2.7,2.6332,498.8609434600001
2023-03-10,2.7,2.6332,498.8609434600001
2023-03-13,2.7,2.6332,498.8609434600001
2023-03-14,2.7,2.6332,498.8609434600001
2023-03-15,2.7,3.1532,498.8609434600001
2023-03-16,2.7,3.2485,498.8609434600001
2023-03-17,2.7,3.2485,498.8609434600001
2023-03-20,2.7,3.2485,498.8609434600001
2023-03-21,2.7,3.2485,498.8609434600001
2023-03-22,2.7,3.2485,498.8609434600001
2023-03-23,2.7,3.2485,498.8609434600001
2023-03-24,2.7,3.1941,498.8609434600001
2023-03-27,2.7,3.1941,498.8609434600001
2023-03-28,2.7,3.1941,498.8609434600001
2023-03-29,2.7,3.1941,498.8609434600001
2023-03-30,2.6,3.1941,498.8609434600001
2023-03-31,2.6,2.4886,498.8609434600001
2023-04-03,2.6,1.7131,498.8609434600001
2023-04-04,2.6,1.7131,498.8609434600001
2023-04-05,2.6,1.4691,498.8609434600001
2023-04-06,2.6,1.4691,498.8609434600001
2023-04-07,2.6,1.4691,498.8609434600001
2023-04-10,2.6,2.1651,498.8609434600001
2023-04-11,2.6,2.1651,498.8609434600001
2023-04-12,2.6,2.1651,498.8609434600001
2023-04-13,2.6,2.1651,498.8609434600001
2023-04-14,2.6,2.468,498.8609434600001
2023-04-17,2.6,2.468,498.8609434600001
2023-04-18,2.6,2.4775,498.8609434600001
2023-04-19,2.6,2.4775,498.8609434600001
2023-04-20,2.6,2.4775,498.8609434600001
2023-04-21,2.6,2.4775,498.8609434600001
2023-04-24,2.6,2.4775,498.8609434600001
2023-04-25,2.6,2.4775,498.8609434600001
2023-04-26,2.6,1.1326,498.8609434600001
2023-04-27,1.1,1.1326,542.2543960725001
2023-04-28,1.1,1.6603,500.6660812023078
2023-05-01,1.1,1.8369,457.42305673500005
2023-05-02,1.1,1.8369,457.42305673500005
2023-05-03,1.1,1.8369,457.42305673500005
2023-05-04,1.1,2.6601,457.42305673500005
2023-05-05,1.1,2.6601,457.42305673500005
2023-05-08,1.1,2.7477,457.42305673500005
2023-05-09,1.1,2.7477,457.42305673500005
2023-05-10,1.1,2.7477,457.42305673500005
2023-05-11,1.1,2.7477,457.42305673500005
2023-05-12,1.1,2.7477,457.42305673500005
2023-05-15,1.1,2.7477,457.42305673500005
2023-05-16,1.1,2.6087,457.42305673500005
2023-05-17,1.1,2.8864,457.42305673500005
2023-05-18,1.1,2.8864,457.42305673500005
2023-05-19,1.1,2.8864,457.42305673500005
2023-05-22,1.1,2.8864,457.42305673500005
2023-05-23,1.1,2.8864,457.42305673500005
2023-05-24,1.1,2.8864,457.42305673500005
2023-05-25,1.3,2.8864,457.42305673500005
2023-05-26,1.3,1.9001,457.42305673500005
2023-05-29,1.3,1.9001,457.42305673500005
2023-05-30,1.3,1.9001,457.42305673500005
2023-05-31,1.3,1.9001,457.42305673500005
2023-06-01,1.3,1.9599,457.42305673500005
2023-06-02,1.3,1.9599,457.42305673500005
2023-06-05,1.3,1.9599,457.42305673500005
2023-06-06,1.3,1.9599,457.42305673500005
2023-06-07,1.3,2.2236,457.42305673500005
2023-06-08,1.3,2.1952,457.42305673500005
2023-06-09,1.3,2.1952,457.42305673500005
2023-06-12,1.3,2.1952,457.42305673500005
2023-06-13,1.3,2.1952,457.42305673500005
2023-06-14,1.3,2.1952,457.42305673500005
2023-06-15,1.3,1.7658,457.42305673500005
2023-06-16,1.3,1.7658,457.42305673500005
2023-06-19,1.3,1.7658,457.42305673500005
2023-06-20,1.3,1.9463,457.42305673500005
2023-06-21,1.3,1.9463,457.42305673500005
2023-06-22,1.3,1.9463,457.42305673500005
2023-06-23,1.3,1.9463,457.42305673500005
2023-06-26,1.3,1.9463,457.42305673500005
2023-06-27,1.3,1.7705,457.42305673500005
2023-06-28,1.3,1.7705,457.42305673500005
2023-06-29,2.0,1.7705,457.42305673500005
2023-06-30,2.0,2.1662,457.42305673500005
2023-07-03,2.0,1.9422,457.42305673500005
2023-07-04,2.0,1.9422,457.42305673500005
2023-07-05,2.0,1.9422,457.42305673500005
2023-07-06,2.0,2.1286,457.42305673500005
2023-07-07,2.0,2.1286,457.42305673500005
2023-07-10,2.0,2.2914,457.42305673500005
2023-07-11,2.0,2.2914,457.42305673500005
2023-07-12,2.0,2.2914,457.42305673500005
2023-07-13,2.0,2.2914,457.42305673500005
2023-07-14,2.0,2.2914,457.42305673500005
2023-07-17,2.0,2.2914,457.42305673500005
2023-07-18,2.0,2.3859,457.42305673500005
2023-07-19,2.0,2.4221,457.42305673500005
2023-07-20,2.0,2.4221,457.42305673500005
2023-07-21,2.0,2.4221,457.42305673500005
2023-07-24,2.0,2.4221,457.42305673500005
2023-07-25,2.0,2.4221,457.42305673500005
2023-07-26,2.0,2.4126,457.42305673500005
2023-07-27,2.4,2.4126,457.42305673500005
2023-07-28,2.4,3.546,422.7126030446155
2023-07-31,2.4,3.546,103.85481968499998
2023-08-01,2.4,3.8658,103.85481968499998
2023-08-02,2.4,3.8658,103.85481968499998
2023-08-03,2.4,3.8658,103.85481968499998
2023-08-04,2.4,3.8658,103.85481968499998
2023-08-07,2.4,3.8658,103.85481968499998
2023-08-08,2.4,4.1218,103.85481968499998
2023-08-09,2.4,4.1218,103.85481968499998
2023-08-10,2.4,4.1218,103.85481968499998
2023-08-11,2.4,4.1218,103.85481968499998
2023-08-14,2.4,4.1218,103.85481968499998
2023-08-15,2.4,5.0322,103.85481968499998
2023-08-16,2.4,5.7568,103.85481968499998
2023-08-17,2.4,5.7568,103.85481968499998
2023-08-18,2.4,5.7568,103.85481968499998
2023-08-21,2.4,5.7568,103.85481968499998
2023-08-22,2.4,5.7568,103.85481968499998
2023-08-23,2.4,5.7568,103.85481968499998
2023-08-24,2.4,5.9063,103.85481968499998
2023-08-25,2.4,5.9063,103.85481968499998
2023-08-28,2.4,5.9063,103.85481968499998
2023-08-29,2.4,5.9063,103.85481968499998
2023-08-30,2.1,5.9063,103.85481968499998
2023-08-31,2.1,5.6301,103.85481968499998
2023-09-01,2.1,5.6395,103.85481968499998
2023-09-04,2.1,5.6395,103.85481968499998
2023-09-05,2.1,5.6395,103.85481968499998
2023-09-06,2.1,5.5758,103.85481968499998
2023-09-07,2.1,5.5758,103.85481968499998
2023-09-08,2.1,5.5706,103.85481968499998
2023-09-11,2.1,5.5706,103.85481968499998
2023-09-12,2.1,5.5706,103.85481968499998
2023-09-13,2.1,5.5706,103.85481968499998
2023-09-14,2.1,4.9381,103.85481968499998
2023-09-15,2.1,4.9381,103.85481968499998
2023-09-18,2.1,4.9381,103.85481968499998
2023-09-19,2.1,4.8637,103.85481968499998
2023-09-20,2.1,4.8637,103.85481968499998
2023-09-21,2.1,4.8637,103.85481968499998
2023-09-22,2.1,4.8637,103.85481968499998
2023-09-25,2.1,4.8637,103.85481968499998
2023-09-26,2.1,4.8637,103.85481968499998
2023-09-27,2.1,4.9234,103.85481968499998
2023-09-28,2.1,4.9234,103.85481968499998
2023-09-29,2.1,4.9325,103.85481968499998
2023-10-02,2.1,4.8697,103.85481968499998
2023-10-03,2.1,4.8697,103.85481968499998
2023-10-04,2.1,4.8697,103.85481968499998
2023-10-05,2.1,4.8601,103.85481968499998
2023-10-06,2.1,4.8601,103.85481968499998
2023-10-09,2.1,4.8601,103.85481968499998
2023-10-10,2.1,5.1471,103.85481968499998
2023-10-11,2.1,5.1471,103.85481968499998
2023-10-12,2.1,5.1471,103.85481968499998
2023-10-13,2.1,5.1471,103.85481968499998
2023-10-16,2.1,5.1471,103.85481968499998
2023-10-17,2.1,5.438,103.85481968499998
2023-10-18,2.1,5.4109,103.85481968499998
2023-10-19,2.1,5.4109,103.85481968499998
2023-10-20,2.1,5.4109,103.85481968499998
2023-10-23,2.1,5.4109,103.85481968499998
2023-10-24,2.1,5.4109,103.85481968499998
2023-10-25,2.1,5.4052,103.85481968499998
2023-10-26,4.9,5.4052,103.85481968499998
2023-10-27,4.9,2.2566,96.20690025076921
2023-10-30,4.9,2.2566,13.634670884999998
2023-10-31,4.9,2.2566,13.634670884999998
2023-11-01,4.9,1.2362,13.634670884999998
2023-11-02,4.9,1.2362,13.634670884999998
2023-11-03,4.9,1.2362,13.634670884999998
2023-11-06,4.9,1.2362,13.634670884999998
2023-11-07,4.9,2.0871,13.634670884999998
2023-11-08,4.9,2.062,13.634670884999998
2023-11-09,4.9,2.062,13.634670884999998
2023-11-10,4.9,2.062,13.634670884999998
2023-11-13,4.9,2.062,13.634670884999998
2023-11-14,4.9,2.062,13.634670884999998
2023-11-15,4.9,2.1983,13.634670884999998
2023-11-16,4.9,2.1983,13.634670884999998
2023-11-17,4.9,1.9704,13.634670884999998
2023-11-20,4.9,1.9704,13.634670884999998
2023-11-21,4.9,1.9704,13.634670884999998
2023-11-22,4.9,2.1025,13.634670884999998
2023-11-23,4.9,2.1025,13.634670884999998
2023-11-24,4.9,2.1025,13.634670884999998
2023-11-27,4.9,2.1025,13.634670884999998
2023-11-28,4.9,2.1025,13.634670884999998
2023-11-29,5.2,2.1025,13.634670884999998
2023-11-30,5.2,2.1025,13.634670884999998
2023-12-01,5.2,1.7659,13.634670884999998
2023-12-04,5.2,1.7659,13.634670884999998
2023-12-05,5.2,1.7659,13.634670884999998
2023-12-06,5.2,1.1863,13.634670884999998
2023-12-07,5.2,1.2732,13.634670884999998
2023-12-08,5.2,1.2732,13.634670884999998
2023-12-11,5.2,1.2732,13.634670884999998
2023-12-12,5.2,1.2732,13.634670884999998
2023-12-13,5.2,1.2732,13.634670884999998
2023-12-14,5.2,1.2464,13.634670884999998
2023-12-15,5.2,1.2464,13.634670884999998
2023-12-18,5.2,1.2464,13.634670884999998
2023-12-19,5.2,2.6144,13.634670884999998
2023-12-20,5.2,2.6144,13.634670884999998
2023-12-21,4.9,2.6144,13.634670884999998
2023-12-22,4.9,2.6798,13.634670884999998
2023-12-25,4.9,2.6798,13.634670884999998
2023-12-26,4.9,2.6798,13.634670884999998
2023-12-27,4.9,2.6798,13.634670884999998
2023-12-28,4.9,2.6798,13.634670884999998
2023-12-29,4.9,2.6798,13.634670884999998
2024-01-01,4.9,2.6798,13.634670884999998
2024-01-02,4.9,2.2631,13.634670884999998
2024-01-03,4.9,2.5103,13.634670884999998
2024-01-04,4.9,2.5103,13.634670884999998
2024-01-05,4.9,2.5103,13.634670884999998
2024-01-08,4.9,2.5103,13.634670884999998
2024-01-09,4.9,2.2342,13.634670884999998
2024-01-10,4.9,2.2083,13.634670884999998
2024-01-11,4.9,2.2083,13.634670884999998
2024-01-12,4.9,2.2083,13.634670884999998
2024-01-15,4.9,2.2083,13.634670884999998
2024-01-16,4.9,2.2083,13.634670884999998
2024-01-17,4.9,2.4125,13.634670884999998
2024-01-18,4.9,2.391,13.634670884999998
2024-01-19,4.9,2.3834,13.634670884999998
2024-01-22,4.9,2.3834,13.634670884999998
2024-01-23,4.9,2.3834,13.634670884999998
2024-01-24,4.9,2.3834,13.634670884999998
2024-01-25,3.3,2.3834,13.634670884999998
2024-01-26,3.3,3.0457,12.63305893692308
2024-01-29,3.3,3.0457,13.637680515000001
2024-01-30,3.3,3.0457,13.637680515000001
2024-01-31,3.3,3.0457,13.637680515000001
2024-02-01,3.3,4.2234,13.637680515000001
2024-02-02,3.3,4.2234,13.637680515000001
2024-02-05,3.3,4.2234,13.637680515000001
2024-02-06,3.3,4.2234,13.637680515000001
2024-02-07,3.3,3.393,13.637680515000001
2024-02-08,3.3,3.4231,13.637680515000001
2024-02-09,3.3,3.4231,13.637680515000001
2024-02-12,3.3,3.4231,13.637680515000001
2024-02-13,3.3,3.4231,13.637680515000001
2024-02-14,3.3,3.4231,13.637680515000001
2024-02-15,3.3,2.8635,13.637680515000001
2024-02-16,3.3,2.8661,13.637680515000001
2024-02-19,3.3,2.8661,13.637680515000001
2024-02-20,3.3,2.8661,13.637680515000001
2024-02-21,3.3,2.8661,13.637680515000001
2024-02-22,3.3,2.8661,13.637680515000001
2024-02-23,3.3,2.8661,13.637680515000001
2024-02-26,3.3,2.8661,13.637680515000001
2024-02-27,3.3,3.2465,13.637680515000001
2024-02-28,3.2,3.2465,13.637680515000001
2024-02-29,3.2,2.9546,13.637680515000001
2024-03-01,3.2,2.1222,13.637680515000001
2024-03-04,3.2,2.1222,13.637680515000001
2024-03-05,3.2,2.1222,13.637680515000001
2024-03-06,3.2,2.5436,13.637680515000001
2024-03-07,3.2,2.5347,13.637680515000001
2024-03-08,3.2,2.5347,13.637680515000001
2024-03-11,3.2,2.5347,13.637680515000001
2024-03-12,3.2,2.5347,13.637680515000001
2024-03-13,3.2,2.5347,13.637680515000001
2024-03-14,3.2,2.3386,13.637680515000001
2024-03-15,3.2,2.3386,13.637680515000001
2024-03-18,3.2,2.3386,13.637680515000001
2024-03-19,3.2,2.0759,13.637680515000001
2024-03-20,3.2,2.0759,13.637680515000001
2024-03-21,3.2,2.0759,13.637680515000001
2024-03-22,3.2,2.0759,13.637680515000001
2024-03-25,3.2,2.0759,13.637680515000001
2024-03-26,3.2,2.1415,13.637680515000001
2024-03-27,3.2,2.1415,13.637680515000001
2024-03-28,3.4,2.1415,13.637680515000001
2024-03-29,3.4,2.3341,13.637680515000001
2024-04-01,3.4,2.8194,13.637680515000001
2024-04-02,3.4,2.8194,13.637680515000001
2024-04-03,3.4,2.8194,13.637680515000001
2024-04-04,3.4,2.8194,13.637680515000001
2024-04-05,3.4,2.8194,13.637680515000001
2024-04-08,3.4,2.8194,13.637680515000001
2024-04-09,3.4,2.8194,13.637680515000001
2024-04-10,3.4,2.4663,13.637680515000001
2024-04-11,3.4,2.4663,13.637680515000001
2024-04-12,3.4,2.4663,13.637680515000001
2024-04-15,3.4,2.3579,13.637680515000001
2024-04-16,3.4,2.8971,13.637680515000001
2024-04-17,3.4,2.8971,13.637680515000001
2024-04-18,3.4,2.8971,13.637680515000001
2024-04-19,3.4,2.8971,13.637680515000001
2024-04-22,3.4,2.8971,13.637680515000001
2024-04-23,3.4,2.8971,13.637680515000001
2024-04-24,3.4,2.7047,13.637680515000001
2024-04-25,1.6,2.7047,13.637680515000001
2024-04-26,1.6,3.8812,12.58932679
2024-04-29,1.6,3.8812,12.58932679
2024-04-30,1.6,3.8812,13.482165992499993
2024-05-01,1.6,3.2708,13.482165992499993
2024-05-02,1.6,3.3076,13.482165992499993
2024-05-03,1.6,3.3076,13.482165992499993
2024-05-06,1.6,3.3076,13.482165992499993
2024-05-07,1.6,3.3076,13.482165992499993
2024-05-08,1.6,4.1768,13.482165992499993
2024-05-09,1.6,4.1768,13.482165992499993
2024-05-10,1.6,4.1768,13.482165992499993
2024-05-13,1.6,4.1768,13.482165992499993
2024-05-14,1.6,4.1768,13.482165992499993
2024-05-15,1.6,3.7712,13.482165992499993
2024-05-16,1.6,3.5952,13.482165992499993
2024-05-17,1.6,3.5952,13.482165992499993
2024-05-20,1.6,3.5952,13.482165992499993
2024-05-21,1.6,3.5952,13.482165992499993
2024-05-22,1.6,3.5952,13.482165992499993
2024-05-23,1.6,3.5952,13.482165992499993
2024-05-24,1.6,3.5217,13.482165992499993
2024-05-27,1.6,3.5217,13.482165992499993
2024-05-28,1.6,3.5217,13.482165992499993
2024-05-29,1.6,3.5217,13.482165992499993
2024-05-30,1.3,3.5217,13.482165992499993
2024-05-31,1.3,2.6615,13.482165992499993
2024-06-03,1.3,1.8457,13.482165992499993
2024-06-04,1.3,1.8457,13.482165992499993
2024-06-05,1.3,1.8457,13.482165992499993
2024-06-06,1.3,2.5755,13.482165992499993
2024-06-07,1.3,3.1053,13.482165992499993
2024-06-10,1.3,3.1053,13.482165992499993
2024-06-11,1.3,3.1053,13.482165992499993
2024-06-12,1.3,3.1053,13.482165992499993
2024-06-13,1.3,3.1053,13.482165992499993
2024-06-14,1.3,3.1053,13.482165992499993
2024-06-17,1.3,3.1053,13.482165992499993
2024-06-18,1.3,3.0853,13.482165992499993
2024-06-19,1.3,3.0853,13.482165992499993
2024-06-20,1.3,3.007,13.482165992499993
2024-06-21,1.3,3.007,13.482165992499993
2024-06-24,1.3,3.007,13.482165992499993
2024-06-25,1.3,3.007,13.482165992499993
2024-06-26,1.3,3.007,13.482165992499993
2024-06-27,1.4,2.6893,13.482165992499993
2024-06-28,1.4,2.2478,13.482165992499993
2024-07-01,1.4,1.7291,13.482165992499993
2024-07-02,1.4,1.7291,13.482165992499993
2024-07-03,1.4,1.5469,13.482165992499993
2024-07-04,1.4,1.5469,13.482165992499993
2024-07-05,1.4,1.5469,13.482165992499993
2024-07-08,1.4,1.5469,13.482165992499993
2024-07-09,1.4,1.5469,13.482165992499993
2024-07-10,1.4,2.0218,13.482165992499993
2024-07-11,1.4,2.0218,13.482165992499993
2024-07-12,1.4,2.0218,13.482165992499993
2024-07-15,1.4,2.0218,13.482165992499993
2024-07-16,1.4,2.4542,13.482165992499993
2024-07-17,1.4,2.7264,13.482165992499993
2024-07-18,1.4,2.7264,13.482165992499993
2024-07-19,1.4,2.7264,13.482165992499993
2024-07-22,1.4,2.7264,13.482165992499993
2024-07-23,1.4,2.7264,13.482165992499993
2024-07-24,1.4,2.6132,13.482165992499993
2024-07-25,2.8,2.6132,13.482165992499993
2024-07-26,2.8,2.8301,12.44776047307692
2024-07-29,2.8,2.8301,12.44776047307692
2024-07-30,2.8,2.8301,11.852248658333338
2024-07-31,2.8,2.8301,11.852248658333338
2024-08-01,2.8,2.5455,11.852248658333338
2024-08-02,2.8,2.5455,12.926553605454547
2024-08-05,2.8,2.5455,12.926553605454547
2024-08-06,2.8,2.8955,12.926553605454547
2024-08-07,2.8,2.8955,12.926553605454547
2024-08-08,2.8,2.9096,12.926553605454547
2024-08-09,2.8,2.9096,12.926553605454547
2024-08-12,2.8,2.9096,12.926553605454547
2024-08-13,2.8,2.9096,12.926553605454547
2024-08-14,2.8,2.9096,12.926553605454547
2024-08-15,2.8,2.4352,12.926553605454547
2024-08-16,2.8,1.9896,12.926553605454547
2024-08-19,2.8,1.9896,12.926553605454547
2024-08-20,2.8,1.9896,12.926553605454547
2024-08-21,2.8,1.9896,12.926553605454547
2024-08-22,2.8,1.9896,12.926553605454547
2024-08-23,2.8,1.9896,12.926553605454547
2024-08-26,2.8,1.9908,12.926553605454547
2024-08-27,2.8,1.9908,12.926553605454547
2024-08-28,2.8,1.9908,12.926553605454547
2024-08-29,3.0,1.9908,12.926553605454547
2024-08-30,3.0,2.5315,12.926553605454547
2024-09-02,3.0,2.5315,12.926553605454547
2024-09-03,3.0,2.0383,12.926553605454547
2024-09-04,3.0,2.0902,12.926553605454547
2024-09-05,3.0,2.0902,12.926553605454547
2024-09-06,3.0,2.0902,12.926553605454547
2024-09-09,3.0,2.4707,12.926553605454547
2024-09-10,3.0,2.4707,12.926553605454547
2024-09-11,3.0,2.4707,12.926553605454547
2024-09-12,3.0,2.4707,12.926553605454547
2024-09-13,3.0,2.4707,12.926553605454547
2024-09-16,3.0,2.4707,12.926553605454547
2024-09-17,3.0,2.9931,12.926553605454547
2024-09-18,3.0,2.9296,12.926553605454547
2024-09-19,3.0,2.9296,12.926553605454547
2024-09-20,3.0,2.9296,12.926553605454547
2024-09-23,3.0,2.9296,12.926553605454547
2024-09-24,3.0,2.9296,12.926553605454547
2024-09-25,3.0,2.9296,12.926553605454547
2024-09-26,3.0,2.9296,12.926553605454547
2024-09-27,3.0,3.0773,12.926553605454547
2024-09-30,3.0,3.0773,12.926553605454547
2024-10-01,3.0,2.5384,12.926553605454547
2024-10-02,3.0,2.5384,12.926553605454547
2024-10-03,3.0,2.5384,12.926553605454547
2024-10-04,3.0,2.5384,12.926553605454547
2024-10-07,3.0,2.5384,12.926553605454547
2024-10-08,3.0,3.2304,12.926553605454547
2024-10-09,3.0,3.2155,12.926553605454547
2024-10-10,3.0,3.2155,12.926553605454547
2024-10-11,3.0,3.2155,12.926553605454547
2024-10-14,3.0,3.2155,12.926553605454547
2024-10-15,3.0,3.2155,12.926553605454547
2024-10-16,3.0,3.2155,12.926553605454547
2024-10-17,3.0,3.4177,12.926553605454547
2024-10-18,3.0,3.4299,12.926553605454547
2024-10-21,3.0,3.4299,12.926553605454547
2024-10-22,3.0,3.4299,12.926553605454547
2024-10-23,3.0,3.4299,12.926553605454547
2024-10-24,3.0,3.4299,12.926553605454547
2024-10-25,3.0,3.313,12.926553605454547
2024-10-28,3.0,3.313,12.926553605454547
2024-10-29,3.0,3.313,12.926553605454547
2024-10-30,2.8,3.313,8.842723536363637
2024-10-31,2.8,2.789,8.191343991666669
2024-11-01,2.8,2.3218,8.191343991666669
2024-11-04,2.8,2.3218,8.932839423636366
2024-11-05,2.8,2.3816,8.932839423636366
2024-11-06,2.8,2.3816,8.932839423636366
2024-11-07,2.8,2.451,9.723506466000002
2024-11-08,2.8,2.451,9.723506466000002
2024-11-11,2.8,2.451,9.723506466000002
2024-11-12,2.8,2.451,9.723506466000002
2024-11-13,2.8,2.451,9.723506466000002
2024-11-14,2.8,2.451,9.723506466000002
2024-11-15,2.8,2.53,9.723506466000002
2024-11-18,2.8,2.53,9.723506466000002
2024-11-19,2.8,2.5797,9.723506466000002
2024-11-20,2.8,2.5797,9.723506466000002
2024-11-21,2.8,2.5797,9.723506466000002
2024-11-22,2.8,2.5797,9.723506466000002
2024-11-25,2.8,2.5797,9.723506466000002
2024-11-26,2.8,2.5797,9.723506466000002
2024-11-27,2.8,2.689,9.723506466000002
2024-11-28,2.8,2.689,9.723506466000002
2024-11-29,2.8,2.689,9.723506466000002
2024-12-02,2.8,3.1579,9.723506466000002
2024-12-03,2.8,3.1579,9.723506466000002
2024-12-04,2.8,3.1579,9.723506466000002
2024-12-05,2.8,3.2932,9.723506466000002
2024-12-06,2.8,3.2932,9.723506466000002
2024-12-09,2.8,3.3343,9.723506466000002
2024-12-10,2.8,3.3343,9.723506466000002
2024-12-11,2.8,3.3343,9.723506466000002
2024-12-12,2.8,3.3343,9.723506466000002
2024-12-13,2.8,3.3343,9.723506466000002
2024-12-16,2.8,3.3343,9.723506466000002
2024-12-17,2.8,3.1414,9.723506466000002
2024-12-18,2.8,3.1637,9.723506466000002
2024-12-19,3.1,3.1637,9.723506466000002
2024-12-20,3.1,3.0817,9.723506466000002
2024-12-23,3.1,3.0817,9.723506466000002
2024-12-24,3.1,3.091,9.723506466000002
2024-12-25,3.1,3.091,9.723506466000002
2024-12-26,3.1,3.091,9.723506466000002
2024-12-27,3.1,3.091,9.723506466000002
2024-12-30,3.1,3.091,9.723506466000002
2024-12-31,3.1,3.091,9.723506466000002
2025-01-01,3.1,3.091,9.723506466000002
2025-01-02,3.1,2.5865,9.723506466000002
2025-01-03,3.1,2.4492,9.723506466000002
2025-01-06,3.1,2.4492,9.723506466000002
2025-01-07,3.1,2.6802,9.723506466000002
2025-01-08,3.1,2.6802,9.723506466000002
2025-01-09,3.1,2.7256,9.723506466000002
2025-01-10,3.1,2.7256,9.723506466000002
2025-01-13,3.1,2.7256,9.723506466000002
2025-01-14,3.1,2.7256,9.723506466000002
2025-01-15,3.1,2.7256,9.723506466000002
2025-01-16,3.1,2.9626,9.723506466000002
2025-01-17,3.1,2.9942,9.723506466000002
2025-01-20,3.1,2.9942,9.723506466000002
2025-01-21,3.1,2.9942,9.723506466000002
2025-01-22,3.1,2.9942,9.723506466000002
2025-01-23,3.1,2.9942,9.723506466000002
2025-01-24,3.1,2.9942,9.723506466000002
2025-01-27,3.1,2.9942,9.723506466000002
2025-01-28,3.1,3.1779,9.723506466000002
2025-01-29,3.1,2.2711,9.723506466000002
2025-01-30,2.3,2.2711,3.2643859945454547
2025-01-31,2.3,2.8898,3.8621733554545465
2025-02-03,2.3,3.8788,3.8621733554545465
2025-02-04,2.3,3.8788,3.8621733554545465
2025-02-05,2.3,2.8861,4.145773791000002
2025-02-06,2.3,2.8861,6.610555209999999
2025-02-07,2.3,2.9416,6.610555209999999
2025-02-10,2.3,2.9416,6.610555209999999
2025-02-11,2.3,2.9416,6.610555209999999
2025-02-12,2.3,2.9416,6.610555209999999
2025-02-13,2.3,2.9416,6.610555209999999
2025-02-14,2.3,2.3409,6.610555209999999
2025-02-17,2.3,2.3409,6.610555209999999
2025-02-18,2.3,2.3409,6.610555209999999
2025-02-19,2.3,2.3388,6.610555209999999
2025-02-20,2.3,2.3388,6.610555209999999
2025-02-21,2.3,2.3388,6.610555209999999
2025-02-24,2.3,2.3388,6.610555209999999
2025-02-25,2.3,2.3388,6.610555209999999
2025-02-26,2.3,2.3388,6.610555209999999
2025-02-27,2.3,2.3388,6.610555209999999
2025-02-28,2.3,-1.4767,6.610555209999999
2025-03-03,2.3,-2.8247,6.610555209999999
2025-03-04,2.3,-2.8247,6.610555209999999
2025-03-05,2.3,-2.8247,6.610555209999999
2025-03-06,2.3,-2.4068,6.610555209999999
2025-03-07,2.3,-2.4068,6.610555209999999
2025-03-10,2.3,-2.4068,6.610555209999999
2025-03-11,2.3,-2.4068,6.610555209999999
2025-03-12,2.3,-2.4068,6.610555209999999
2025-03-13,2.3,-2.4068,6.610555209999999
2025-03-14,2.3,-2.4068,6.610555209999999
2025-03-17,2.3,-2.0563,6.610555209999999
2025-03-18,2.3,-1.7579,6.610555209999999
2025-03-19,2.3,-1.7579,6.610555209999999
2025-03-20,2.3,-1.7579,6.610555209999999
2025-03-21,2.3,-1.7579,6.610555209999999
2025-03-24,2.3,-1.7579,6.610555209999999
2025-03-25,2.3,-1.7579,6.610555209999999
2025-03-26,2.3,-1.8056,6.610555209999999
2025-03-27,2.4,-1.8056,6.610555209999999
2025-03-28,2.4,-2.8041,6.610555209999999
2025-03-31,2.4,-2.8041,6.610555209999999
2025-04-01,2.4,-3.67,6.610555209999999
2025-04-02,2.4,-3.67,6.610555209999999
2025-04-03,2.4,-2.8476,6.610555209999999
2025-04-04,2.4,-2.8476,6.610555209999999
2025-04-07,2.4,-2.8476,6.610555209999999
2025-04-08,2.4,-2.8476,6.610555209999999
2025-04-09,2.4,-2.8476,6.610555209999999
2025-04-10,2.4,-2.8476,6.610555209999999
2025-04-11,2.4,-2.8476,6.610555209999999
2025-04-14,2.4,-2.8476,6.610555209999999
2025-04-15,2.4,-2.8476,6.610555209999999
2025-04-16,2.4,-2.1652,6.610555209999999
2025-04-17,2.4,-2.1973,6.610555209999999
2025-04-18,2.4,-2.1973,6.610555209999999
2025-04-21,2.4,-2.1973,6.610555209999999
2025-04-22,2.4,-2.1973,6.610555209999999
2025-04-23,2.4,-2.1973,6.610555209999999
2025-04-24,2.4,-2.506,6.610555209999999
2025-04-25,2.4,-2.506,6.610555209999999
2025-04-28,2.4,-2.506,6.610555209999999
2025-04-29,2.4,-2.7318,6.610555209999999
2025-04-30,-0.3,2.3644,3.7180710281818192
2025-05-01,-0.3,1.1059,3.4418973891666673
2025-05-02,-0.3,1.1059,3.75162494818182
2025-05-05,-0.3,1.1059,3.75162494818182
2025-05-06,-0.3,2.2354,3.75162494818182
2025-05-07,-0.3,2.2354,4.024170543000001
2025-05-08,-0.3,2.2577,6.610555209999999
2025-05-09,-0.3,2.2577,6.610555209999999
2025-05-12,-0.3,2.2577,6.610555209999999
2025-05-13,-0.3,2.2577,6.610555209999999
2025-05-14,-0.3,2.2577,6.610555209999999
2025-05-15,-0.3,2.5307,6.610555209999999
2025-05-16,-0.3,2.3544,6.610555209999999
2025-05-19,-0.3,2.3544,6.610555209999999
2025-05-20,-0.3,2.3544,6.610555209999999
2025-05-21,-0.3,2.3544,6.610555209999999
2025-05-22,-0.3,2.3544,6.610555209999999
2025-05-23,-0.3,2.3544,6.610555209999999
2025-05-26,-0.3,2.3544,6.610555209999999
2025-05-27,-0.3,2.1823,6.610555209999999
2025-05-28,-0.3,2.1823,6.610555209999999
2025-05-29,-0.2,2.1823,6.610555209999999
2025-05-30,-0.2,3.8366,6.610555209999999
2025-06-02,-0.2,4.6424,6.610555209999999
2025-06-03,-0.2,4.6424,6.610555209999999
2025-06-04,-0.2,4.6424,6.610555209999999
2025-06-05,-0.2,3.7947,6.610555209999999
2025-06-06,-0.2,3.7947,6.610555209999999
2025-06-09,-0.2,3.7693,6.610555209999999
2025-06-10,-0.2,3.7693,6.610555209999999
2025-06-11,-0.2,3.7693,6.610555209999999
2025-06-12,-0.2,3.7693,6.610555209999999
2025-06-13,-0.2,3.7693,6.610555209999999
2025-06-16,-0.2,3.7693,6.610555209999999
2025-06-17,-0.2,3.4689,6.610555209999999
2025-06-18,-0.2,3.3989,6.610555209999999
2025-06-19,-0.2,3.3989,6.610555209999999
2025-06-20,-0.2,3.3989,6.610555209999999
2025-06-23,-0.2,3.3989,6.610555209999999
2025-06-24,-0.2,3.3989,6.610555209999999
2025-06-25,-0.2,3.3989,6.610555209999999
2025-06-26,-0.5,3.3989,6.610555209999999
2025-06-27,-0.5,2.8515,6.610555209999999
2025-06-30,-0.5,2.8515,6.610555209999999
2025-07-01,-0.5,2.5455,6.610555209999999
2025-07-02,-0.5,2.5455,6.610555209999999
2025-07-03,-0.5,2.6085,6.610555209999999
2025-07-04,-0.5,2.6085,6.610555209999999
2025-07-07,-0.5,2.6085,6.610555209999999
2025-07-08,-0.5,2.6085,6.610555209999999
2025-07-09,-0.5,2.5839,6.610555209999999
2025-07-10,-0.5,2.5839,6.610555209999999
2025-07-11,-0.5,2.5839,6.610555209999999
2025-07-14,-0.5,2.5839,6.610555209999999
2025-07-15,-0.5,2.5839,6.610555209999999
2025-07-16,-0.5,2.5839,6.610555209999999
2025-07-17,-0.5,2.3932,6.610555209999999
2025-07-18,-0.5,2.3645,6.610555209999999
2025-07-21,-0.5,2.3645,6.610555209999999
2025-07-22,-0.5,2.3645,6.610555209999999
2025-07-23,-0.5,2.3645,6.610555209999999
2025-07-24,-0.5,2.3645,6.610555209999999
2025-07-25,-0.5,2.3787,6.610555209999999
2025-07-28,-0.5,2.3787,6.610555209999999
2025-07-29,-0.5,2.902,6.610555209999999
2025-07-30,3.0,2.902,6.610555209999999
2025-07-31,3.0,2.902,1.9544039999999991
2025-08-01,3.0,2.902,1.9544039999999991
2025-08-04,3.0,2.902,1.9544039999999991
2025-08-05,3.0,2.902,1.9544039999999991
2025-08-06,3.0,2.902,1.9544039999999991
2025-08-07,3.0,2.5257,1.9544039999999991
2025-08-08,3.0,2.5257,1.9544039999999991
2025-08-11,3.0,2.5257,1.9544039999999991
2025-08-12,3.0,2.5257,1.9544039999999991
2025-08-13,3.0,2.5257,1.9544039999999991
2025-08-14,3.0,2.5257,1.9544039999999991
2025-08-15,3.0,2.5488,1.9544039999999991
2025-08-18,3.0,2.5488,1.9544039999999991
2025-08-19,3.0,2.2636,1.9544039999999991
2025-08-20,3.0,2.2636,1.9544039999999991
2025-08-21,3.0,2.2636,1.9544039999999991
2025-08-22,3.0,2.2636,1.9544039999999991
2025-08-25,3.0,2.2636,1.9544039999999991
2025-08-26,3.0,2.1766,1.9544039999999991
2025-08-27,3.0,2.1766,1.9544039999999991
2025-08-28,3.3,2.1766,1.9544039999999991
2025-08-29,3.3,3.4705,1.9544039999999991
2025-09-01,3.3,3.4705,1.9544039999999991
2025-09-02,3.3,3.0399,1.9544039999999991
2025-09-03,3.3,3.0399,1.9544039999999991
2025-09-04,3.3,2.9983,1.9544039999999991
2025-09-05,3.3,2.9983,1.9544039999999991
2025-09-08,3.3,2.9983,1.9544039999999991
2025-09-09,3.3,2.9983,1.9544039999999991
2025-09-10,3.3,3.0883,0.034894239999999944
2025-09-11,3.3,3.0883,0.034894239999999944
2025-09-12,3.3,3.0883,0.034894239999999944
2025-09-15,3.3,3.0883,0.5305316200000003
2025-09-16,3.3,3.4132,2.025069342
2025-09-17,3.3,3.3358,2.4419316936363638
2025-09-18,3.3,3.3358,2.4419316936363638
2025-09-19,3.3,3.3358,2.4419316936363638
2025-09-22,3.3,3.3358,2.4419316936363638
2025-09-23,3.3,3.3358,2.4419316936363638
2025-09-24,3.3,3.3358,2.4419316936363638
2025-09-25,3.8,3.3358,2.682635439
2025-09-26,3.8,3.8989,2.682635439
2025-09-29,3.8,3.8989,2.682635439
2025-09-30,3.8,3.8989,2.866687265555555
2025-10-01,3.8,3.8416,6.610555209999999
2025-10-02,3.8,3.8416,6.610555209999999
2025-10-03,3.8,3.8416,6.610555209999999
2025-10-06,3.8,3.8416,6.610555209999999
2025-10-07,3.8,3.7656,6.610555209999999
2025-10-08,3.8,3.7656,6.610555209999999
2025-10-09,3.8,3.7656,6.610555209999999
2025-10-10,3.8,3.7656,6.610555209999999
2025-10-13,3.8,3.7656,6.610555209999999
2025-10-14,3.8,3.7656,6.610555209999999
2025-10-15,3.8,3.7656,6.610555209999999
2025-10-16,3.8,3.7656,6.610555209999999
2025-10-17,3.8,3.7656,6.610555209999999
2025-10-20,3.8,3.7656,6.610555209999999
2025-10-21,3.8,3.7656,6.610555209999999
2025-10-22,3.8,3.7656,6.610555209999999
2025-10-23,3.8,3.7656,6.610555209999999
2025-10-24,3.8,3.7656,6.610555209999999
2025-10-27,3.8,3.9264,6.610555209999999
2025-10-28,3.8,3.9264,6.610555209999999
2025-10-29,3.8,3.9264,6.610555209999999
2025-10-30,3.8,3.9264,6.610555209999999
2025-10-31,3.8,3.9264,6.610555209999999
2025-11-03,3.8,3.9264,6.610555209999999
2025-11-04,3.8,3.9894,6.610555209999999
2025-11-05,3.8,3.9894,6.610555209999999
2025-11-06,3.8,3.9773,6.610555209999999
2025-11-07,3.8,3.9773,6.610555209999999
2025-11-10,3.8,3.9773,6.610555209999999
2025-11-11,3.8,3.9773,6.610555209999999
2025-11-12,3.8,3.9773,6.610555209999999
2025-11-13,3.8,3.9773,6.610555209999999
2025-11-14,3.8,3.9773,6.610555209999999
2025-11-17,3.8,3.9773,6.610555209999999
2025-11-18,3.8,3.9773,6.610555209999999
2025-11-19,3.8,4.2293,6.610555209999999
2025-11-20,3.8,4.2293,6.610555209999999
2025-11-21,3.8,4.2293,6.610555209999999
2025-11-24,3.8,4.2293,6.610555209999999
2025-11-25,3.8,4.2293,6.610555209999999
2025-11-26,3.8,4.0229,6.610555209999999
2025-11-27,3.8,4.0229,6.610555209999999
2025-11-28,3.8,4.0229,6.610555209999999
2025-12-01,3.8,3.8527,6.610555209999999
2025-12-02,3.8,3.8527,6.610555209999999
2025-12-03,3.8,3.8527,6.610555209999999
2025-12-04,3.8,3.8102,6.610555209999999
2025-12-05,3.8,3.8102,6.610555209999999
2025-12-08,3.8,3.8102,6.610555209999999
2025-12-09,3.8,3.8102,6.610555209999999
2025-12-10,3.8,3.5283,6.610555209999999
2025-12-11,3.8,3.5283,6.610555209999999
2025-12-12,3.8,3.5283,6.610555209999999
2025-12-15,3.8,3.5283,6.610555209999999
2025-12-16,3.8,3.5705,6.610555209999999
2025-12-17,3.8,3.4728,6.610555209999999
2025-12-18,3.8,3.4728,6.610555209999999
2025-12-19,3.8,3.4728,6.610555209999999
2025-12-22,3.8,3.4728,6.610555209999999
2025-12-23,4.3,3.4728,6.610555209999999
2025-12-24,4.3,2.9721,4.29649984
2025-12-25,4.3,2.9721,4.29649984
2025-12-26,4.3,2.9721,4.29649984
2025-12-29,4.3,2.9721,4.29649984
2025-12-30,4.3,2.9721,4.29649984
2025-12-31,4.3,2.9721,4.29649984
2026-01-01,4.3,2.9721,4.29649984
2026-01-02,4.3,2.9721,4.29649984
2026-01-05,4.3,2.6786,4.29649984
2026-01-06,4.3,2.6786,4.29649984
2026-01-07,4.3,2.6786,4.29649984
2026-01-08,4.3,2.6786,4.29649984
2026-01-09,4.3,2.6786,4.29649984
2026-01-12,4.3,2.6786,4.29649984
2026-01-13,4.3,2.6786,4.29649984
2026-01-14,4.3,2.6786,4.29649984
2026-01-15,4.3,2.6786,4.29649984
2026-01-16,4.3,2.6786,4.29649984
2026-01-19,4.3,2.6786,4.29649984
2026-01-20,4.3,2.6786,4.29649984
2026-01-21,4.3,2.6786,4.29649984
2026-01-22,4.4,5.3721,4.29649984
2026-01-23,4.4,5.3721,4.29649984
2026-01-26,4.4,5.3988,4.29649984
2026-01-27,4.4,5.3988,4.29649984
2026-01-28,4.4,5.3988,4.29649984
2026-01-29,4.4,4.2373,4.29649984
2026-01-30,4.4,4.2373,4.29649984
2026-02-02,4.4,4.2373,4.29649984
2026-02-03,4.4,4.2373,4.29649984
2026-02-04,4.4,4.2373,4.29649984
2026-02-05,4.4,4.2373,4.29649984
2026-02-06,4.4,4.2373,4.29649984
2026-02-09,4.4,4.2373,4.29649984
2026-02-10,4.4,4.2373,4.29649984
2026-02-11,4.4,4.2373,4.29649984
2026-02-12,4.4,4.2373,4.29649984
2026-02-13,4.4,4.2373,4.29649984
2026-02-16,4.4,4.2373,4.29649984
2026-02-17,4.4,4.2373,4.29649984
2026-02-18,4.4,4.2373,4.29649984
2026-02-19,4.4,4.2373,4.29649984
2026-02-20,1.4,4.2373,4.29649984
2026-02-23,1.4,4.2373,4.29649984
2026-02-24,1.4,4.2373,4.29649984
2026-02-25,1.4,4.2373,4.29649984
2026-02-26,1.4,4.2373,4.29649984
2026-02-27,1.4,4.2373,4.29649984
2026-03-02,1.4,4.2373,4.29649984
2026-03-03,1.4,4.2373,4.29649984
2026-03-04,1.4,4.2373,4.29649984
2026-03-05,1.4,4.2373,4.29649984
2026-03-06,1.4,4.2373,4.29649984
2026-03-09,1.4,4.2373,4.29649984
2026-03-10,1.4,4.2373,4.29649984
2026-03-11,1.4,4.2373,4.29649984
2026-03-12,1.4,4.2373,4.29649984
2026-03-13,0.7,4.2373,4.29649984
